0,0,0.0475,0.09,0,0,0,0,0,0,0,0,0,0.08,0,0,0,0,0,0,0,0,0,0,0,0,0,0,0,0,0,0,0,0,0,0,0,0.1275,0,0,0,0.0175,0,0,0,0,0,0,0,0,0.0825,0,0,0.1425,0,0,0,0,0.1275,0,0,0,0.195,0,0,0.1675,0.1625,0,0,0,0,0,0.0275,0,0.0475,0,0.11,0,0,0,0,0.1,0.6725,0,0,0,0,0,0,0,0,0,0,0,0,0,0,0,0,0,0,0,0,0,0,0,0,0,0,0,0,0,0.1275,0,0.07,0,0.1075,0,0,0,0,0,0,0,0.1325,0,0,0,0,0,0,0,0,0.2125,0,0.0375,0,0,0,0,0,0.42,0,0,0.005,0.08,0,0,0,0,0,0,0,0,0,0,0.1375,0,0.695,0,0,0,0,0,0,0,0,0,0,0,0,0,0,0,0,0.0225,0.115,0,0,0,0,0,0,0,0,0,0,0,0,0,0,0,0,0.115,0,0,0.0075,0,0,0,0.0425,0.3175,0,0.0675,0,0,0,0.08,0.1475,0,0.105,0,0,0,0,0,0,0,0,0,0,0,0,0,0,0.0075,0,0,0.1225,0,0,0,0,0,0,0,0,0,0,0,0,0,0,0,0,0,0,0,0,0,0,0,0,0,0,0,0,0,0,0,0,0,0,0,0,0,0,0,0,0,0,0,0,0,0,0,0,0,0,0,0,0,0,0,0,0,0,0,0,0,0,0,0,0,0,0,0,0,0,0,0,0.06,0,0,0,0,0,0,0.05,0,0,0,0,0.105,0,0,0,0.4325,0,0,0,0,0,0,0,0,0,0,0.0075,0,0,0,0,0,0.0525,0,0,0,0,0,0,0.08,0,0,0,0,0.0425,0,0,0.12,0,0.0425,0.09,0,0,0,0,0,0,0.1775,0.1175,0,0,0,0,0,0,0,0,0,0,0,0,0,0,0,0.1125,0,0,0.1075,0,0,0,0.005,0,0,0,0,0.085,0.08,0.165,0,0,0,0,0,0,0,0,0.2975,0.0975,0,0,0,0,0,0,0,0.0625,0,0,0,0,0.1575,0,0,0,0,0,0,0,0,0,0,0,0.2825,0.0075,0.1625,0,0,0,0,0,0,0,0,0.145,0,0,0,0.53,0,0,0,0,0,0,0,0,0,0,0,0,0,0,0,0,0.005,0,0,0,0,0,0,0,0,0.2025,0,0,0,0.08,0,0,0,0,0,0,0.0775,0.31,0,0,0,0,0,0,0,0,0,0,0.335,0.0375,0,0,0,0,0,0,0,0,0,0,0.08,0.08,0.02,0,0,0,0,0,0.1375,0,0.205,0,0.0475,0,0,0.005,0.12,0,0,0,0,0,0,0,0,0,0,0,0,0,0.21,0,0.2525,0,0.045,0.09,0,0,0,0,0,0,0,0,0,0,0,0,0,0,0,0,0,0,0,0,0,0,0,0,0,0,0,0,0,0,0,0,0,0,0,0,0,0,0,0,0,0,0,0,0,0,0,0,0,0,0,0,0.0375,0,0,0,0,0,0,0,0.08,0.0325,0,0,0,0,0,0,0,0,0,0,0,0,0,0,0,0,0,0,0,0.0125,0,0,0,0,0,0,0,0,0,0,0,0,0,0,0,0,0,0,0,0,0.0075,0,0,0,0,0,0,0.16,0,0,0,0,0,0,0,0,0,0,0,0,0,0.08,0,0,0,0,0,0.0225,0.075,0,0.1725,0,0,0,0,0,0.1025,0,0,0,0,0,0,0,0,0,0.0875,0,0,0,0,0,0,0,0,0,0,0,0,0.0125,0.2725,0,0,0,0,0,0,0,0,0,0.065,0,0,0,0,0.2975,0,0,0.04,0,0,0,0,0.05,0.32,0,0.42,0,0,0.205,0,0,0,0,0.0575,0,0,0,0,0,0,0,0,0,0,0,0,0,0,0,0,0,0,0,0.24,0,0.1325,0,0,0,0,0.06,0,0,0,0,0.095,0,0,0,0,0,0.125,0,0,0,0,0,0,0,0,0,0,0,0,0,0,0,0,0,0,0,0,0,0,0,0,0,0,0,0,0,0.07,0.0075,0,0,0.135,0,0,0,0,0,0,0,0,0,0,0,0,0,0,0,0.2425,0,0,0,0,0,0,0,0,0,0,0,0,0,0,0,0,0,0,0,0,0,0,0.04,0.08,0,0,0,0,0,0.1675,0.125,0.1225,0,0,0.395,0,0,0,0,0,0,0,0,0,0,0,0,0,0,0,0,0,0,0,0.0775,0,0,0,0,0.025,0,0,0.08,0,0,0.0375,0,0.0825,0,0.05,0,0,0,0,0,0,0,0,0,0,0.095,0,0.2725,0,0,0,0,0,0,0,0,0,0.08,0,0,0,0,0,0.0425,0,0,0.1875,0,0,0,0,0,0.31,0,0,0,0,0,0,0,0,0.1375,0,0,0,0.055,0,0.1075,0,0,0,0,0,0,0,0,0,0,0,0,0,0,0,0,0,0.13,0,0.0525,0,0,0,0,0,0,0,0,0,0,0,0,0,0,0,0,0,0,0,0.1025,0,0,0,0,0,0,0.1175,0,0,0,0,0,0,0,0
0,0,0.165,0.06,0,0,0,0,0,0,0,0,0,0,0,0,0,0,0,0,0,0,0,0,0,0,0,0,0,0,0,0,0,0,0,0,0,0.455,0,0,0,0.0925,0,0,0,0.08,0,0,0,0,0.205,0,0,0.3575,0,0,0,0,0,0,0,0,0.0625,0,0,0.4425,0.28,0,0,0,0,0,0.05,0,0.15,0,0.1275,0,0,0,0,0.28,0.515,0,0,0,0,0,0,0,0,0,0,0.0325,0,0,0,0,0,0,0,0,0,0,0,0,0,0,0,0,0,0,0,0,0,0,0.005,0,0,0,0,0,0,0,0.1625,0,0,0,0,0,0,0,0,0.1625,0,0.005,0,0,0,0,0,0.2025,0,0,0.02,0.1175,0,0,0,0,0,0,0,0,0,0,0.0275,0,0.4475,0,0,0,0,0,0,0,0,0,0,0,0,0,0,0,0,0.1025,0,0,0,0,0,0,0,0,0,0,0,0,0,0,0,0,0,0.0175,0,0,0.1925,0,0,0,0.15,0.0875,0,0.08,0,0,0,0.1025,0.065,0,0.005,0,0,0,0,0,0,0,0,0,0,0,0,0,0,0.045,0,0,0.22,0,0,0,0,0,0,0,0,0,0,0,0,0,0,0,0,0,0,0,0,0,0,0,0,0,0,0,0,0,0,0,0,0,0,0,0,0,0,0,0,0,0,0,0,0,0,0,0,0,0,0,0,0,0,0,0,0,0,0,0,0,0,0,0,0,0,0,0,0,0,0,0,0.085,0,0,0,0,0,0,0,0,0,0.09,0,0.1225,0,0,0,0.375,0,0,0,0,0,0,0,0,0,0,0.055,0,0,0,0,0,0,0,0,0.0175,0,0,0,0.08,0,0,0,0,0,0,0,0.1525,0,0.0275,0.0625,0,0,0,0,0,0,0.14,0.01,0,0,0,0,0,0,0,0,0,0,0,0.06,0,0,0,0.19,0,0,0.005,0,0,0,0.23,0,0,0,0,0.0825,0.045,0.16,0,0,0,0,0,0,0,0,0.01,0,0,0,0,0,0,0,0,0.0275,0,0,0,0,0.0025,0,0,0,0,0,0,0,0,0,0,0.045,0.09,0.1425,0.0825,0,0,0,0,0,0,0,0,0.0375,0,0,0,0.2775,0,0,0,0,0,0,0,0,0,0,0,0,0,0,0,0,0.1525,0,0,0,0,0,0,0,0,0.225,0,0,0,0.0075,0,0,0,0,0,0,0.08,0.3,0,0,0,0,0,0,0,0,0,0,0.2875,0,0,0,0,0,0,0,0,0,0,0,0.09,0,0.04,0,0,0.1275,0,0,0.08,0,0.2175,0,0.035,0,0,0.0625,0,0,0,0,0,0,0,0,0,0,0,0,0,0,0.015,0,0.365,0,0.1875,0.11,0,0,0,0,0,0,0,0,0,0,0,0,0,0,0,0,0,0,0,0,0,0,0,0,0,0,0,0,0,0,0,0,0,0,0,0,0,0,0,0,0,0,0,0,0,0,0,0,0,0,0,0,0.08,0,0,0,0,0,0,0,0.065,0,0,0,0,0,0,0,0,0,0,0,0,0,0,0,0,0,0,0,0,0,0,0,0,0,0,0,0,0,0,0.0375,0,0,0,0,0,0,0,0,0,0,0.085,0,0,0,0,0,0,0.08,0,0,0,0,0,0,0,0,0,0,0,0,0,0.0275,0,0,0,0,0,0.2325,0,0,0,0,0,0,0,0,0.08,0,0,0,0,0,0,0,0,0,0.145,0,0,0,0,0,0,0.0125,0,0,0,0,0,0.155,0.3525,0,0,0,0,0,0,0,0,0,0.0575,0,0,0,0,0.035,0,0,0.3725,0,0,0,0,0.105,0.4375,0,0.18,0,0,0.2425,0.0425,0,0,0,0.035,0,0,0,0,0,0,0,0,0,0,0.015,0,0,0,0,0,0,0,0,0.195,0,0.1825,0,0,0,0,0.0425,0,0,0,0,0.21,0,0,0,0,0,0.095,0,0,0,0,0,0,0,0,0,0,0,0,0,0,0,0,0,0,0,0,0,0,0,0,0,0,0,0,0,0,0.055,0,0,0.015,0,0,0,0,0,0,0,0,0,0,0,0,0,0,0,0.31,0,0,0,0,0,0,0,0,0.0275,0,0,0,0,0,0,0,0,0,0,0,0,0,0.1,0,0,0,0,0,0,0.1875,0.165,0.185,0,0,0.1675,0,0,0,0,0,0,0,0,0,0,0,0,0,0,0,0,0,0,0,0.16,0,0,0,0,0.0625,0,0,0.0175,0,0,0,0,0.1325,0,0.135,0,0,0,0,0,0,0,0,0,0,0.1275,0,0.2675,0,0,0,0,0,0,0,0,0,0.11,0,0,0,0,0,0.0025,0,0,0.385,0,0,0,0,0,0.2375,0,0,0,0,0,0,0,0,0.08,0,0,0,0.0025,0,0.0875,0,0,0,0,0,0,0,0,0,0,0.0425,0,0,0,0,0,0,0.065,0,0.0625,0,0,0,0,0,0,0,0,0,0,0.1325,0,0,0,0,0,0,0,0,0.195,0,0,0,0,0,0,0.1025,0,0,0,0,0,0,0,0
0,0,0.1675,0.135,0,0,0,0,0,0,0,0,0,0,0,0,0,0,0,0,0,0,0,0,0,0,0,0,0,0,0,0,0,0,0,0,0,0.14,0,0,0,0.0825,0,0,0,0.045,0,0,0,0,0.12,0,0,0.335,0,0,0,0,0.135,0,0,0,0.29,0,0,0.355,0.0125,0,0,0,0,0,0.0875,0,0.045,0,0.26,0,0,0,0,0.145,0.6575,0,0,0,0,0,0,0,0,0,0,0.0325,0,0,0,0,0,0,0,0,0,0,0,0,0,0,0,0,0,0,0.08,0,0.02,0,0.2325,0,0,0,0,0,0,0,0.1075,0,0,0,0,0,0,0,0,0.3775,0,0.4325,0,0,0,0,0,0.2225,0,0,0.1375,0.0625,0,0,0,0,0,0,0,0,0,0,0.33,0,0.1525,0,0,0,0,0,0,0,0,0,0,0,0,0,0,0,0,0.08,0.105,0,0,0,0,0,0,0,0,0,0,0,0,0,0,0,0,0.095,0,0,0,0,0,0,0.0275,0.1775,0,0.13,0,0,0,0.0375,0.1625,0,0.2625,0,0,0,0,0,0,0,0,0,0,0,0,0,0,0.0175,0,0,0.1525,0,0,0,0,0,0,0,0,0,0,0,0,0,0,0,0,0,0,0,0,0,0,0,0,0,0,0,0,0,0,0,0,0,0,0,0,0,0,0,0,0,0,0,0,0,0,0,0,0,0,0,0,0,0,0,0,0,0,0,0,0,0,0,0,0,0,0,0,0,0,0,0,0.1875,0,0,0,0,0,0,0.0075,0,0,0.1975,0,0.1225,0,0,0,0.19,0,0,0,0,0,0,0,0,0,0,0.1875,0,0,0,0,0,0,0,0,0.14,0,0,0,0.08,0,0,0,0,0.0475,0,0,0.145,0,0,0.0175,0,0,0,0,0,0,0.0325,0.04,0,0,0,0,0,0,0,0,0,0,0,0.16,0,0,0,0.13,0,0,0.0575,0,0,0,0,0,0,0,0,0.0925,0,0,0,0,0,0,0,0,0,0,0.0075,0.005,0,0,0,0,0,0,0,0.115,0,0,0,0,0.0125,0,0,0,0,0,0,0,0,0,0,0,0.145,0.085,0.0175,0,0,0,0,0,0,0,0,0.1625,0,0,0,0.525,0,0,0,0,0,0,0,0,0,0,0,0,0,0,0,0,0.0025,0,0,0,0,0,0,0,0,0.265,0,0,0,0.08,0,0,0,0,0,0,0.0325,0.1275,0,0,0,0,0,0,0,0,0,0,0.35,0.1425,0.085,0,0,0,0,0,0,0,0,0,0.0475,0.08,0.1425,0,0,0.065,0,0,0.09,0,0.26,0,0.1325,0,0,0.035,0.045,0,0,0,0,0,0,0,0,0,0,0,0,0,0.2625,0,0.365,0,0.165,0.0825,0,0,0,0,0,0,0,0,0,0,0,0,0,0,0,0,0,0,0,0,0,0,0,0,0,0,0,0,0,0,0,0,0,0,0,0,0,0,0,0,0,0,0,0,0,0,0.0225,0,0,0,0,0,0.04,0,0,0,0,0,0,0,0.1125,0.095,0,0,0,0,0,0,0,0,0,0,0,0,0,0,0,0,0,0,0,0,0,0,0,0,0,0,0,0,0,0,0,0,0,0,0,0,0,0,0,0,0.08,0,0,0,0,0,0,0.18,0,0,0,0,0,0,0,0,0,0,0,0,0,0.18,0,0,0,0,0,0.13,0.0775,0,0.16,0,0,0,0,0,0.05,0,0,0,0,0,0,0,0,0,0.1025,0,0,0,0,0,0,0.08,0,0,0.08,0,0,0.0175,0.28,0,0.02,0,0,0,0,0,0,0,0.0825,0,0,0,0,0.08,0,0,0.1375,0,0,0,0,0.0125,0.35,0,0.0875,0,0,0.205,0.0475,0,0,0,0.1,0,0,0,0,0,0,0,0,0,0,0.05,0,0,0,0,0,0,0,0,0.21,0,0.125,0,0,0,0,0.0675,0,0,0,0,0.3,0,0,0,0,0,0,0,0,0,0,0,0,0,0,0,0,0,0,0,0,0,0,0,0,0,0,0,0,0,0,0,0,0,0,0,0.1525,0,0,0,0,0,0,0,0,0,0,0,0,0,0,0,0,0,0,0,0.235,0,0,0,0,0,0,0,0,0.015,0,0,0,0,0,0,0,0,0,0,0,0,0,0.2275,0.2,0,0,0,0,0,0.325,0.4025,0.1125,0,0,0.2775,0,0,0,0,0,0,0,0,0,0,0,0,0,0,0,0,0,0,0,0.05,0,0,0,0,0.215,0,0,0.11,0,0,0.0175,0,0.1125,0,0.1575,0,0,0,0,0,0,0,0,0,0,0,0,0.2525,0,0,0,0,0,0,0,0,0,0,0,0,0,0,0,0.03,0,0,0.58,0,0,0,0,0,0.3325,0,0,0,0,0,0,0,0,0.08,0,0,0,0.0125,0,0.01,0,0,0,0,0,0,0,0,0,0,0.0375,0,0,0,0,0,0,0.1525,0,0.08,0,0,0,0,0,0,0,0,0,0,0.03,0,0,0,0,0,0,0,0,0.1225,0,0,0,0,0,0,0.1325,0,0,0,0,0,0,0,0
0,0,0.075,0.2075,0,0,0,0,0,0,0,0,0,0.005,0,0,0,0,0,0,0,0,0,0,0,0,0,0,0,0,0,0,0,0,0,0,0,0.1825,0,0,0,0.1225,0,0,0,0.015,0,0,0,0,0.1675,0,0,0.27,0,0,0,0,0.065,0,0,0,0.125,0,0,0.1,0.41,0,0,0,0,0,0.0775,0,0.08,0,0.3125,0,0,0,0,0.2,0.285,0,0,0,0,0,0,0,0,0,0,0,0,0,0,0,0,0,0,0,0,0,0,0,0,0,0,0,0,0,0,0,0,0,0.08,0,0,0,0,0,0,0,0.045,0,0,0,0,0,0,0,0,0.2325,0,0.08,0,0,0,0,0,0.245,0,0,0,0.16,0,0,0,0,0,0,0,0,0,0,0.105,0,0.3925,0,0,0,0,0,0,0,0,0,0,0,0,0,0,0,0,0.0475,0.0375,0,0,0,0,0,0,0,0,0,0,0,0,0,0,0,0,0.005,0,0,0.05,0,0,0,0.135,0.2175,0,0.05,0,0,0,0.03,0.0475,0,0.205,0,0,0,0,0,0,0,0,0,0,0,0,0,0,0.1175,0,0,0.135,0,0,0,0,0,0,0,0,0,0,0,0,0,0,0,0,0,0,0,0,0,0,0,0,0,0,0,0,0,0,0,0,0,0,0,0,0,0,0,0,0,0,0,0,0,0,0,0,0,0,0,0,0,0,0,0,0,0,0,0,0,0,0,0,0,0,0,0,0,0,0,0,0.13,0,0,0,0,0,0,0,0,0,0.0875,0,0.08,0,0,0,0.3075,0,0,0,0,0,0,0,0,0,0,0.005,0,0,0,0,0,0,0,0,0,0,0,0,0.07,0,0,0,0,0.0675,0,0,0.08,0,0,0,0,0,0,0,0,0,0.25,0,0,0,0,0,0,0,0,0,0,0,0,0,0,0,0,0.1475,0,0,0.0325,0,0,0,0.0675,0,0,0,0,0.08,0.065,0.1825,0,0,0,0,0,0,0,0,0.22,0.015,0,0,0,0,0,0,0,0.1,0,0,0,0,0.1325,0,0,0,0,0,0,0,0,0,0,0.015,0.195,0.0075,0.0825,0,0,0,0,0,0,0,0,0.125,0,0,0,0.3125,0,0,0,0,0,0,0,0,0,0,0,0,0,0,0,0,0.185,0,0,0,0,0,0,0,0,0.285,0,0,0,0.0075,0,0,0,0,0.06,0,0.085,0.19,0,0,0,0,0,0,0,0,0,0,0.3025,0.13,0,0.08,0,0,0,0,0,0,0,0,0.025,0.05,0.1675,0,0,0.08,0,0,0.135,0,0.16,0,0.0075,0,0,0.07,0,0,0,0,0,0,0,0,0,0,0,0,0,0,0.0175,0,0.2875,0,0.18,0,0,0,0,0,0,0,0,0,0,0,0,0,0,0,0,0,0,0,0,0,0,0,0,0,0,0,0,0,0,0,0,0,0,0,0,0,0,0,0,0,0,0,0,0,0,0,0.0725,0,0,0,0,0,0.09,0,0,0,0,0,0,0,0.08,0.0275,0,0,0,0,0,0,0,0,0,0,0,0,0,0,0,0,0,0,0,0.1425,0,0,0,0,0,0,0,0,0,0,0,0,0,0,0,0,0,0,0,0,0.0325,0,0,0,0,0,0,0.075,0,0,0,0,0,0,0,0,0,0,0,0,0,0.015,0,0,0,0,0,0.135,0.08,0,0.1425,0,0,0,0,0,0.315,0,0,0,0,0,0,0,0,0,0.1375,0,0,0,0,0,0,0.1,0,0,0.0525,0,0,0,0.0975,0,0,0,0,0,0,0,0,0,0,0,0,0,0,0.1625,0,0,0,0,0,0,0,0,0.485,0,0.1275,0,0,0.1625,0.08,0,0,0,0.0375,0,0,0,0,0,0,0,0,0,0,0.08,0,0,0,0,0,0,0,0,0.2725,0,0.1175,0,0,0,0,0.0075,0,0,0,0,0.175,0,0,0,0,0,0.125,0,0,0,0,0,0,0,0,0,0,0,0,0,0,0,0,0,0,0,0,0,0,0,0,0,0,0,0,0,0.09,0.0075,0,0,0.1,0,0,0,0,0,0,0,0,0,0,0,0,0,0,0,0.355,0,0,0,0,0,0,0,0,0.08,0,0,0,0,0,0,0,0,0,0,0,0,0,0,0.125,0,0,0,0,0,0.2325,0.25,0,0,0,0.355,0,0,0,0,0,0,0,0,0,0,0,0,0,0,0,0,0,0,0,0.01,0,0,0,0,0.1275,0,0,0.0075,0,0,0.135,0,0.0875,0,0.33,0,0,0,0,0,0,0,0,0,0,0.5325,0,0.3825,0,0,0,0,0,0,0,0,0,0.0025,0,0,0,0,0,0,0,0,0.1075,0,0,0,0,0,0.2125,0,0,0,0,0,0,0,0,0.0025,0,0,0,0.0325,0,0.005,0,0,0,0,0,0,0,0,0,0,0,0,0,0,0,0,0,0,0,0.16,0,0,0,0,0,0,0,0,0,0,0,0,0,0,0,0,0,0,0,0.155,0,0,0,0,0,0,0.1525,0,0,0,0,0,0,0,0
0,0,0.3625,0.0925,0,0,0,0,0,0,0,0,0,0.1025,0,0.195,0.05,0,0.125,0,0.07,0,0,0,0,0,0,0,0,0,0,0,0,0.1125,0,0,0.1225,0.3275,0,0.09,0.0725,0.08,0,0,0,0.0275,0.09,0,0,0,0.165,0,0,0.22,0,0,0,0,0.145,0,0,0,0.3475,0,0,0.2975,0.2525,0,0,0,0.22,0,0.1025,0.235,0,0,0.1025,0.1175,0,0.2175,0.095,0.0675,0.64,0,0.08,0,0,0,0,0.0425,0,0,0,0,0.0825,0,0,0,0,0,0,0.02,0.0725,0,0.08,0,0,0,0.11,0,0,0,0.0525,0,0.1375,0.0475,0.0225,0,0,0,0,0,0,0,0,0,0,0,0,0.08,0,0,0,0.4675,0,0.1325,0,0.22,0,0,0,0.515,0,0,0.08,0.08,0,0,0,0.0325,0,0,0,0,0,0.0675,0.29,0,0.74,0,0,0,0,0.06,0,0,0,0,0.0375,0,0,0,0,0.245,0,0.0875,0,0,0,0,0,0,0,0,0,0,0,0,0,0,0,0,0,0,0,0,0.3125,0,0,0,0.25,0.2075,0,0,0,0,0.025,0.035,0.0775,0,0.2025,0,0,0,0,0.13,0,0,0,0.24,0,0,0,0,0.1775,0.295,0,0,0.42,0,0.3725,0,0,0,0,0,0,0.315,0,0,0,0,0,0,0,0,0,0.485,0,0,0,0,0,0,0,0.255,0,0.4375,0.23,0.2525,0,0,0,0,0,0,0,0,0.0625,0,0,0,0.245,0.1475,0,0,0.03,0,0,0,0,0.3375,0,0,0,0,0,0,0,0,0,0,0,0,0,0,0,0.085,0,0,0,0.2475,0,0,0,0,0,0,0.1325,0,0,0,0,0.1575,0,0.0125,0,0.56,0,0,0,0,0.01,0,0,0,0,0.13,0.04,0.055,0,0,0,0,0.195,0,0,0.15,0,0,0,0.0575,0,0,0,0,0.0025,0,0.5375,0,0,0.09,0.08,0,0,0,0,0,0,0.205,0,0.08,0,0,0,0,0,0,0,0,0,0.0075,0.08,0,0,0,0.2475,0,0.0975,0.54,0,0.1,0.3675,0.1425,0,0,0.2775,0,0.3525,0.0375,0.17,0,0,0,0,0,0,0,0.0075,0.2575,0.1875,0,0,0.2325,0,0,0,0,0.2725,0,0.16,0,0,0.1425,0,0,0,0,0,0.0875,0,0,0,0.22,0.025,0.185,0.11,0.1425,0,0,0.115,0.12,0.085,0,0,0,0.155,0,0,0,0.6325,0,0,0,0.0025,0,0,0,0,0,0.345,0,0,0,0,0,0,0,0,0.22,0,0,0,0,0,0,0.17,0,0,0,0.035,0,0,0,0,0,0,0.1225,0.2075,0,0.23,0,0,0,0,0,0,0,0,0.2475,0.315,0.16,0.0825,0,0,0,0,0,0.2025,0.0675,0,0,0.1525,0.0725,0,0,0.35,0.4975,0,0.0525,0,0.215,0,0.0125,0.2275,0,0.3825,0.0725,0,0.0525,0.21,0,0,0.0575,0,0,0,0,0,0,0,0.3725,0,0.1675,0,0.075,0.125,0.0825,0,0,0,0,0,0.0575,0,0,0,0,0,0,0.145,0,0,0,0.08,0.055,0,0,0,0,0,0,0,0,0,0.2375,0,0.0925,0.18,0,0,0.23,0,0,0,0,0,0,0,0,0,0,0.0425,0,0,0,0,0,0,0.03,0,0,0,0,0.26,0,0.0575,0,0.1975,0,0,0.0075,0,0,0,0,0.155,0,0,0.055,0,0.08,0,0.3625,0,0.2325,0,0,0,0,0,0,0,0,0,0.2275,0,0,0.08,0,0,0,0,0,0.1775,0,0,0.125,0,0.22,0,0.005,0,0,0,0,0.1425,0,0,0,0,0.015,0,0,0.2275,0,0,0,0,0,0.3325,0,0,0,0,0,0.2325,0.07,0.1175,0.1075,0,0,0.0275,0,0,0.17,0,0,0,0,0,0,0,0,0,0.1175,0.355,0.07,0,0,0,0,0.0625,0,0,0.08,0,0,0.07,0.3075,0,0.0275,0,0,0.1225,0,0,0,0,0.0375,0,0,0.47,0.0775,0.08,0,0,0.08,0,0,0,0,0.0125,0.145,0,0.2875,0,0,0.1125,0.2625,0.2525,0.0125,0,0.315,0,0,0,0,0,0,0,0,0,0,0.035,0,0,0,0.01,0,0.16,0.1525,0,0.2925,0,0.0925,0.175,0.305,0.51,0,0.08,0,0,0,0,0.0625,0,0,0.275,0,0,0.06,0.08,0,0,0,0,0,0.1275,0,0,0,0.055,0.1675,0,0,0,0.05,0.2125,0,0,0.425,0,0,0,0,0.085,0,0,0,0,0.225,0.0925,0.1875,0,0.7125,0,0,0.01,0,0.04,0,0,0,0,0,0,0,0,0.15,0,0.36,0,0,0,0.075,0,0,0,0,0.5525,0,0,0,0.32,0.195,0,0,0.1575,0,0,0.125,0,0,0.2975,0,0.085,0,0,0,0,0.48,0.3125,0.01,0,0.1925,0.3825,0,0,0,0,0,0.115,0,0,0.1525,0.005,0,0,0,0,0.0975,0.2225,0,0.1825,0.2025,0.015,0,0,0.0425,0.01,0.0475,0,0,0,0,0.1075,0.0175,0,0.04,0.3375,0.355,0,0,0,0.05,0.1175,0,0,0.01,0,0,0.4075,0.2025,0.21,0,0,0,0,0,0,0,0,0,0.0125,0,0,0,0,0,0,0.3075,0,0.2725,0,0.5875,0,0.2025,0,0.3375,0,0,0,0,0,0,0.3675,0.165,0.3475,0,0,0.285,0.075,0.23,0.05,0,0,0.125,0,0.0675,0.18,0,0,0,0,0.6675,0,0.11,0,0.08,0.065,0.41,0,0,0,0,0,0,0.15,0.3725,0,0,0,0,0,0.0075,0,0,0.0725,0,0,0,0,0,0.04,0,0,0.5275,0,0,0,0.095,0,0,0,0,0.0375,0,0,0
0,0,0.36,0.4375,0,0,0,0,0,0,0,0,0,0.015,0,0.1675,0.06,0,0.1175,0,0.08,0,0,0,0,0,0,0,0,0,0,0,0,0.3025,0,0,0.01,0.1775,0,0.045,0.0625,0.0025,0,0,0,0.0575,0.2975,0,0,0,0.08,0,0,0.2025,0,0,0,0,0.1225,0,0,0,0.62,0,0,0.2775,0.2875,0,0,0,0.2975,0,0.14,0.2775,0,0,0.1725,0.18,0,0.13,0.16,0.16,0.655,0,0.015,0,0,0,0,0.08,0,0,0,0.08,0.08,0,0,0,0,0,0,0.05,0.125,0,0.1475,0,0,0,0.0175,0,0,0,0.015,0,0.305,0.0075,0.0875,0,0,0,0,0,0,0,0.0325,0,0,0,0,0.02,0,0,0,0.33,0,0.1575,0,0.27,0.085,0,0,0.4875,0,0,0,0.2475,0,0,0,0.125,0,0.08,0,0,0,0,0.1575,0,0.77,0,0,0,0,0.08,0,0,0,0,0,0,0,0,0,0.355,0,0.0925,0.1425,0,0,0,0,0,0,0,0,0,0,0,0,0,0,0,0,0.1525,0,0,0.2375,0,0,0,0.0375,0.11,0,0.2775,0,0,0.0575,0.16,0.0075,0,0.135,0,0,0,0,0.275,0,0,0,0.0325,0,0,0,0,0.005,0.255,0,0,0.37,0.0525,0.1675,0,0,0,0,0,0,0.295,0,0,0,0,0,0,0,0,0,0.4125,0,0,0,0,0,0,0,0.105,0,0.575,0.3475,0.08,0,0,0,0,0,0,0,0,0.095,0,0,0,0.1225,0.12,0,0.0575,0.0975,0,0,0,0,0.43,0,0,0,0,0,0,0,0,0,0,0,0,0,0,0,0.17,0,0.0125,0,0.03,0,0,0,0,0,0,0.1225,0,0,0.0525,0,0.095,0.115,0,0,0.4225,0,0,0,0,0.2125,0.08,0,0,0,0.16,0.18,0.055,0,0,0,0,0.16,0,0,0.04,0,0,0,0.08,0,0,0,0,0,0,0.2325,0.3225,0.08,0.245,0.055,0,0,0,0,0,0,0.145,0.12,0.01,0,0,0,0,0,0,0,0,0,0.08,0.02,0,0,0,0,0,0.015,0.335,0,0.055,0.35,0.1675,0,0,0.27,0,0.3275,0,0.0375,0,0,0,0,0,0,0,0.09,0.0125,0.09,0,0,0.3,0,0,0,0,0.3425,0,0.005,0,0,0.3075,0,0,0,0,0,0.17,0,0,0,0.1375,0.08,0.125,0.0175,0.05,0,0,0.1375,0.1675,0.03,0,0,0,0.2275,0,0,0,0.505,0,0,0,0.1025,0,0,0,0,0,0.1175,0,0,0,0,0,0,0.175,0,0.315,0,0,0,0,0,0,0.4325,0,0,0,0.105,0,0,0,0,0,0,0.16,0.0975,0,0.14,0,0,0,0,0,0,0,0,0.16,0.3425,0.22,0.175,0,0,0,0,0,0.415,0.0225,0,0.0475,0,0.005,0,0,0.245,0.18,0,0.0575,0,0.19,0,0,0.15,0,0.39,0,0,0.1975,0.155,0,0,0.08,0,0,0,0,0,0,0,0.2925,0,0.13,0,0.175,0.0125,0.1575,0,0,0,0,0,0.12,0,0,0.055,0,0,0,0.27,0,0,0,0.08,0,0,0.1025,0,0,0,0,0,0,0,0.1525,0,0,0.375,0,0,0.56,0,0,0,0,0,0,0,0,0,0,0.235,0,0,0,0,0,0,0.0275,0,0,0,0,0,0,0,0.03,0.24,0,0,0.0825,0,0,0,0,0.1875,0,0,0.0075,0,0.1425,0,0.15,0,0.26,0.04,0,0,0,0.1625,0,0,0,0,0.145,0,0,0,0,0,0,0,0,0.25,0,0,0.2,0,0.1875,0,0.08,0,0,0,0,0.2075,0,0,0,0,0.08,0,0,0.2325,0,0,0,0,0,0.26,0,0,0,0.0075,0,0.145,0.0925,0.2425,0.2,0,0,0.18,0.03,0,0.4025,0,0,0,0,0,0,0,0,0,0.175,0.2875,0.1575,0,0,0,0,0.0075,0,0,0.105,0,0,0.125,0.52,0,0.025,0,0,0,0,0,0,0,0,0,0,0.3975,0,0.1125,0,0,0.1625,0,0,0,0,0.02,0.265,0,0.445,0,0,0.0725,0.015,0.25,0.0425,0,0.135,0,0,0,0,0,0,0.2125,0,0,0,0.05,0,0,0,0.1675,0,0.105,0.1275,0,0.185,0,0.22,0.15,0.3525,0.59,0,0,0,0,0,0,0.41,0,0,0.1525,0,0,0,0.1025,0,0,0.0025,0,0,0.175,0,0,0,0.1075,0.1625,0,0,0,0.05,0.325,0,0,0.4725,0,0,0,0,0.08,0,0,0,0,0,0.135,0.1975,0,0.56,0,0,0.08,0,0.205,0,0,0,0,0,0,0,0,0.0025,0,0.14,0,0,0,0.3825,0,0,0,0,0.305,0,0,0,0.095,0.3575,0,0,0.255,0,0,0.2475,0,0.0875,0.285,0.055,0.0225,0,0,0,0,0.6375,0.48,0,0,0.0275,0.4075,0,0,0,0,0,0.19,0,0,0.07,0.0825,0,0,0,0,0.1175,0.205,0,0.095,0.12,0.035,0,0,0.0375,0.08,0.1825,0,0,0,0,0.53,0.1375,0,0.275,0.08,0.28,0,0,0,0.1675,0.11,0,0,0.1725,0,0,0.395,0.1775,0.18,0,0,0,0,0,0,0,0,0,0.1525,0,0,0,0,0,0.025,0.1725,0,0.3025,0,0.4925,0,0.1875,0,0.2025,0,0,0,0,0,0,0.39,0.1775,0.295,0,0,0.1225,0.0275,0.1725,0.1,0,0,0.245,0,0.075,0.2475,0,0,0,0,0.4675,0,0.005,0,0.1525,0.115,0.23,0.0875,0,0.0025,0,0,0,0.2725,0.125,0,0,0.1575,0,0,0.08,0,0,0,0,0,0,0,0,0.1375,0,0,0.3975,0,0,0,0.125,0,0,0,0,0.0025,0,0,0
0,0,0.095,0.44,0,0,0,0,0,0,0,0,0,0.1075,0,0.275,0.1,0,0.2625,0,0.08,0,0,0,0,0,0,0,0,0,0,0,0,0.1675,0,0,0.1025,0.1625,0,0.0225,0.195,0.0375,0,0,0,0,0.4175,0,0,0,0.0425,0,0,0.1975,0,0,0,0,0.09,0,0,0,0.44,0,0,0.2225,0.475,0,0,0,0.0925,0,0.0475,0.3975,0.0275,0,0.08,0.1175,0,0.1275,0.0575,0.16,0.4575,0,0.015,0,0,0,0,0.095,0,0,0,0,0.185,0,0,0,0,0,0,0.05,0.0475,0,0.0175,0,0,0,0.0975,0,0,0,0.0825,0,0.3275,0.0575,0.015,0,0,0,0,0,0,0,0.08,0,0,0,0,0.01,0,0,0,0.0925,0,0.33,0,0.165,0.085,0,0,0.255,0,0,0.1375,0,0,0,0,0,0,0.16,0,0,0,0.0475,0.1375,0,0.555,0,0,0,0,0.18,0,0,0,0,0.0525,0,0,0,0,0.225,0,0.105,0.08,0,0,0,0,0,0,0,0,0,0,0,0,0,0,0,0,0.0975,0,0,0.3375,0,0,0,0.16,0.125,0,0.15,0,0,0.1625,0.0425,0.055,0,0.13,0,0,0,0,0.22,0,0,0,0.2825,0,0,0,0,0.08,0.0975,0,0,0.3875,0.08,0.2375,0,0,0,0,0,0,0.2275,0,0,0,0,0,0,0,0,0,0.07,0,0,0,0,0,0,0,0.3325,0,0.42,0.195,0.115,0.005,0,0,0,0,0,0,0,0.0325,0,0,0,0.2025,0.2625,0,0.0475,0.1275,0,0,0,0,0.31,0,0,0,0,0,0,0,0,0,0,0,0,0,0,0,0.06,0,0,0,0.04,0,0,0,0,0,0,0,0,0,0,0,0.09,0.035,0,0,0.7975,0,0,0,0,0.235,0.065,0,0,0,0.33,0.1625,0.0725,0,0,0,0,0.1175,0,0,0.0875,0,0,0,0.0275,0,0,0,0,0.015,0,0.4725,0.1675,0.045,0,0,0,0,0,0,0,0,0.0975,0.08,0,0,0,0,0,0,0,0,0,0,0.0175,0.02,0,0,0,0.0125,0,0,0.645,0,0.0575,0.3475,0.3925,0,0,0.26,0,0.2825,0,0.1125,0,0,0,0,0,0,0,0.165,0.15,0.015,0,0,0.21,0.0825,0,0,0,0.4875,0,0,0,0,0.4125,0,0,0,0,0,0.135,0,0,0,0.0275,0.05,0.185,0.2225,0.08,0,0,0,0.0775,0.09,0,0,0,0.07,0,0,0,0.25,0,0,0,0.2125,0,0,0,0,0,0.3475,0,0,0,0,0,0,0.055,0,0.3525,0,0,0,0,0,0,0.1675,0,0,0,0.135,0,0,0,0,0.0375,0,0,0.0775,0,0.2075,0,0,0,0,0,0,0,0,0.235,0.295,0.1825,0.2225,0,0,0,0,0,0.1775,0.08,0.035,0,0.2025,0.16,0,0,0.045,0.145,0,0.16,0,0.1375,0,0,0.28,0,0.575,0.105,0,0.0875,0.1775,0,0,0.08,0,0,0,0,0,0,0,0.24,0,0.1375,0,0.065,0,0.0525,0,0,0,0,0,0.24,0,0,0.0475,0,0,0,0.195,0,0,0,0.01,0.0375,0,0,0,0,0,0,0,0,0,0.0625,0,0,0.41,0,0,0.1975,0,0,0,0,0,0,0,0,0,0,0.03,0,0,0,0,0,0,0,0,0,0,0,0.2025,0,0,0.045,0.02,0,0,0.08,0,0,0,0,0.1175,0,0,0,0,0.21,0,0.2175,0,0.2775,0.0025,0,0,0,0.13,0,0,0,0,0.165,0,0,0.08,0,0,0,0,0,0.3825,0,0,0.25,0,0.215,0,0.08,0,0,0,0,0.215,0,0,0,0,0.0925,0,0,0.045,0,0,0,0,0,0.235,0,0,0,0.0725,0,0.1075,0.1525,0.015,0.0125,0,0,0.235,0.0025,0,0.1,0,0,0,0,0,0,0,0,0,0.21,0.5125,0.3375,0,0,0,0,0.1475,0,0,0.0775,0,0,0.04,0.2925,0,0.035,0,0,0.05,0,0,0,0,0.105,0,0,0.205,0.235,0.04,0,0,0.1625,0,0,0,0,0.13,0.36,0,0.1925,0,0,0.125,0.015,0.0275,0.0175,0,0.28,0,0,0,0,0,0,0.065,0,0,0,0.09,0,0,0,0.045,0,0.015,0.09,0,0.1,0,0.1625,0.21,0.2075,0.3125,0.0025,0.09,0,0,0,0,0.12,0,0,0.3825,0,0,0.1775,0,0,0,0.1575,0,0,0.2725,0,0,0,0.0425,0.065,0,0,0,0.02,0.05,0,0,0.7225,0,0,0,0,0,0,0,0,0,0.03,0.1075,0.25,0,0.6375,0,0,0.065,0,0.035,0,0,0,0,0,0,0,0,0.035,0,0.1075,0,0,0,0.2825,0,0,0,0,0.425,0,0,0,0.11,0.3325,0,0,0.025,0,0,0.2325,0.0725,0,0.085,0.0025,0,0,0,0,0,0.4925,0.3025,0.12,0,0.1175,0.6375,0,0,0,0,0,0.015,0,0,0.025,0.085,0,0,0,0,0.16,0.2,0,0.25,0.175,0.0025,0,0,0,0.08,0.2125,0,0,0.06,0.0375,0.2425,0.095,0,0,0.1725,0.16,0,0,0,0.16,0.025,0,0,0.08,0,0,0.245,0.08,0.2425,0,0,0,0,0,0,0,0,0,0.085,0,0,0,0,0,0.16,0.3675,0,0.2025,0,0.68,0,0.12,0,0.3175,0,0,0,0,0,0,0.4325,0.04,0.425,0,0,0.0325,0.08,0.235,0,0,0,0.46,0,0,0.0475,0,0,0,0,0.4475,0,0,0,0.0375,0,0.2975,0.085,0,0,0,0,0,0.295,0.1675,0,0,0.09,0,0,0.0525,0,0,0.005,0,0,0,0,0,0.1,0,0,0.365,0,0,0,0.36,0,0,0,0,0.0775,0,0,0
0,0,0.0425,0.495,0,0,0,0,0,0,0,0,0,0.24,0,0.21,0.02,0,0.025,0,0.08,0,0,0,0,0,0,0,0,0,0,0,0,0.3525,0,0,0.1,0.045,0,0.08,0.0375,0.015,0,0,0,0.0725,0.08,0,0,0,0.08,0,0,0.1475,0,0,0,0,0.16,0,0,0,0.7025,0,0,0.355,0.425,0,0,0,0.195,0,0.015,0.3,0.08,0,0.1125,0.2925,0,0.03,0,0.0725,0.53,0,0,0,0,0,0,0.08,0,0,0,0,0.1425,0,0,0,0,0,0,0.0075,0.09,0,0.1475,0,0,0,0.08,0,0,0,0,0,0.16,0.02,0.1275,0,0,0,0,0,0,0,0,0,0,0,0,0.225,0,0,0,0.185,0,0.315,0,0.135,0,0,0,0.35,0,0,0.1275,0.005,0,0,0,0,0,0.07,0,0,0,0.08,0.26,0,0.45,0,0,0,0,0.025,0,0,0,0,0.0525,0,0,0,0,0.185,0,0,0,0,0,0,0,0,0,0,0,0,0,0,0,0,0,0,0,0.09,0,0,0.14,0,0,0,0.115,0.125,0,0.0275,0,0,0.015,0.07,0.16,0,0.305,0,0,0,0,0.18,0,0,0,0.0475,0,0,0,0,0,0.0675,0,0,0.3225,0,0.4475,0,0,0,0,0,0,0.415,0,0,0,0,0,0,0,0,0,0.245,0,0,0,0,0,0,0,0.3625,0,0.6275,0.465,0.0725,0.0025,0,0,0,0,0,0,0,0.045,0,0,0,0.1675,0.3025,0,0.05,0.2375,0,0,0,0,0.16,0,0,0,0,0,0,0,0,0,0,0,0,0,0,0,0.1125,0,0,0,0.2475,0,0,0,0,0,0,0,0,0,0,0,0.1075,0.07,0.0425,0,0.465,0,0,0,0,0.115,0.04,0,0,0,0.2175,0.0975,0.0375,0,0,0,0,0.16,0,0,0.1775,0,0,0,0.08,0,0,0,0,0,0,0.275,0.34,0,0,0,0,0,0,0,0,0,0.1075,0.09,0,0,0,0,0,0,0,0,0,0,0.3275,0.0525,0,0,0,0.1825,0,0.08,0.535,0,0,0.465,0.18,0,0,0.3425,0,0.2075,0,0.015,0,0,0,0,0,0,0,0.0875,0.08,0.1875,0,0,0.12,0,0,0,0,0.255,0,0.005,0,0,0.4125,0,0,0,0,0,0.1675,0,0,0,0.1825,0.1125,0.185,0.1675,0.04,0,0,0.08,0.29,0.11,0,0,0,0.0525,0,0,0,0.3275,0,0,0,0.175,0,0,0,0,0,0.1,0,0,0,0,0,0,0.1825,0,0.2525,0,0,0,0,0,0,0.0125,0,0,0,0.1225,0,0,0,0,0.0825,0,0.155,0.1225,0,0.0375,0,0,0,0,0,0,0,0,0.1775,0.4775,0.08,0,0,0,0,0,0,0.3725,0.075,0.02,0,0.1225,0.1075,0,0,0.2725,0.165,0,0.0125,0,0.105,0,0,0.0325,0,0.48,0,0,0.07,0.34,0,0,0.0275,0,0,0,0,0,0,0,0.475,0,0.28,0,0.0875,0,0.135,0,0,0,0,0,0.12,0,0,0.0075,0,0,0,0.2025,0,0,0,0.08,0.08,0,0.08,0,0,0,0,0,0,0,0,0,0,0.1375,0,0,0.3,0,0,0,0,0,0,0,0,0,0,0.0275,0.0675,0,0,0,0,0,0,0,0,0,0,0.275,0,0.06,0.1125,0.1075,0,0,0.005,0,0,0,0,0.045,0,0,0,0,0.1725,0,0.2825,0,0.2575,0.2575,0,0,0,0.0975,0,0,0,0,0.2075,0,0,0.16,0,0,0,0,0,0.2775,0,0,0.4,0,0.205,0,0.1425,0,0,0,0,0.095,0,0,0,0,0.08,0,0,0.0525,0,0,0,0,0,0.2425,0,0,0,0.01,0,0.175,0.2125,0.02,0.16,0,0,0.2475,0.1475,0,0.0325,0,0,0,0,0,0,0,0,0,0.2575,0.3175,0.215,0,0,0,0,0.0875,0,0,0.0525,0,0,0.2575,0.1825,0,0.0925,0,0,0.16,0,0,0,0,0.0075,0,0,0.195,0,0.0475,0,0,0.1925,0,0,0,0,0.1475,0.325,0,0.22,0,0,0.275,0.0775,0.1275,0.105,0,0.2675,0,0,0,0,0,0,0.0125,0,0,0,0.175,0,0,0,0.0625,0,0.32,0.2575,0,0.18,0,0.3325,0.1925,0.5075,0.43,0.1325,0.03,0,0,0,0,0.36,0,0,0.2425,0,0,0.11,0.015,0,0,0.1,0,0,0.235,0,0,0,0.06,0.08,0,0,0,0.115,0.125,0,0,0.31,0,0,0,0,0.08,0,0,0,0,0.0625,0.095,0.1525,0,0.51,0,0,0,0,0.0175,0,0,0,0,0,0,0,0,0.0525,0,0.1375,0,0,0,0.1775,0,0,0,0,0.6025,0,0,0,0.1425,0.3125,0,0,0.18,0,0,0.205,0.005,0.08,0.06,0.0175,0,0,0,0,0,0.6875,0.3625,0.005,0,0.1275,0.64,0,0,0,0,0,0.0125,0,0,0.0125,0.165,0,0,0,0,0.0025,0.13,0,0.0425,0.175,0.1625,0,0,0,0.215,0.39,0,0,0.06,0.0225,0.3575,0,0,0.17,0.2175,0.2125,0,0,0,0.0175,0.2525,0,0,0.2075,0,0,0.2,0.1025,0.2425,0,0,0,0,0,0,0,0,0,0.0225,0,0,0,0,0,0.15,0.265,0,0.44,0,0.5075,0,0.27,0,0.2475,0,0,0,0,0,0,0.3725,0.4425,0.2475,0,0,0.2325,0.1075,0.1025,0.0125,0,0,0.2425,0,0.0325,0.08,0,0,0,0,0.4,0,0.08,0,0.1425,0.125,0.305,0.0825,0,0,0,0,0,0.045,0.15,0,0,0.07,0,0,0.135,0,0,0.08,0,0,0,0,0,0.125,0,0,0.3675,0,0,0,0.2125,0,0,0,0,0.035,0,0,0
0,0,0.0425,0.25,0,0,0.08,0.6175,0,0,0,0,0,0.135,0,0.2925,0.0625,0,0.615,0,0.3025,0,0.08,0,0,0,0.4025,0.0125,0,0.0825,0,0.08,0,0.495,0,0.2025,0.01,0.4225,0,0.0575,0.085,0.325,0,0,0,0,0.2725,0,0.0575,0,0.1825,0,0.1025,0.1725,0,0.03,0,0,0.0725,0.27,0,0.3825,0.67,0,0.4675,0.32,0.19,0.225,0,0,0.29,0.0375,0.13,0.2425,0.0875,0,0.13,0.22,0,0.2875,0.06,0.0925,0.5075,0.2375,0.24,0,0,0,0,0.0025,0.07,0,0.0925,0.015,0.0275,0.045,0,0,0,0.37,0,0,0.3325,0.1575,0.0525,0.54,0.5175,0,0.215,0.12,0,0.075,0.0075,0,0.0725,0.08,0.045,0.3525,0.16,0,0,0.3,0,0,0.665,0,0,0,0.1225,0.0375,0,0,0.17,0.125,0,0.2625,0,0.5375,0.0675,0.135,0.2625,0.415,0,0,0.2375,0.235,0,0,0,0.66,0,0,0.1225,0.01,0,0.16,0.1375,0.3475,0.5275,0.0075,0,0.225,0,0.155,0,0,0,0.08,0,0.3925,0,0,0,0.265,0,0.5775,0.1025,0.08,0.1575,0,0.0075,0.045,0.1425,0.435,0.055,0,0,0,0.0325,0,0.175,0.095,0,0.26,0.36,0,0.6275,0.215,0,0.63,0.01,0.845,0.08,0.0025,0,0,0.195,0.19,0.13,0,0.105,0,0.0875,0,0.3275,0.74,0.08,0,0,0.5275,0.0525,0,0.5675,0,0.005,0.3175,0.38,0,0.5825,0.0825,0.205,0,0.125,0.005,0,0,0.0225,0.44,0,0,0.17,0.395,0,0.4075,0.1225,0,0.33,0.5175,0,0,0,0,0,0,0,0.1675,0,0.1725,0.535,0.0525,0.2475,0.235,0.42,0,0,0,0.045,0,0.02,0,0.12,0.1525,0.175,0.4225,0,0.27,0.64,0,0,0,0,0.13,0,0,0.0475,0.235,0.015,0.105,0.64,0,0.0925,0,0,0,0,0,0,0.0375,0,0.29,0,0.225,0.355,0,0,0,0,0,0.0375,0,0.1625,0,0,0.165,0.0925,0,0,0.69,0,0,0.5025,0,0.385,0.06,0,0.4,0,0.255,0.08,0.115,0,0,0,0.3175,0.1925,0,0,0.17,0,0,0.185,0.08,0,0,0.04,0.015,0,0.04,0.3725,0.5275,0.0075,0.1925,0.03,0,0,0.1925,0,0.35,0.2,0.1475,0.565,0,0,0,0,0.505,0.1525,0,0.1325,0.145,0,0.185,0.5375,0,0,0,0.38,0.115,0.04,0.5375,0,0.35,0.645,0.7025,0.0175,0,0.29,0.2625,0.5225,0.105,0.2975,0,0,0,0,0.18,0,0,0.4875,0.0975,0.185,0.235,0.505,0.37,0,0,0.155,0.365,0.67,0.105,0,0,0.305,0.72,0.18,0,0,0.11,0.195,0.37,0,0.0025,0,0.185,0.27,0.45,0.425,0.18,0,0.22,0.3225,0.0175,0.285,0,0,0,0.4875,0.1525,0.0075,0.1375,0.6775,0,0,0,0.535,0,0.7375,0.09,0.375,0.035,0.3875,0,0,0,0,0,0,0.08,0,0.42,0.3075,0,0,0.2475,0.3025,0.075,0.185,0.04,0.055,0,0.0725,0.205,0.2725,0,0,0.115,0.6625,0.21,0.15,0,0.2075,0,0.3625,0,0,0.2575,0.3325,0.145,0.15,0.57,0.52,0.1225,0.1375,0,0.095,0,0,0,0.3475,0.03,0.18,0.14,0.375,0.6925,0,0.09,0.53,0.555,0,0.145,0.555,0.105,0.08,0.06,0.5325,0,0.795,0.1675,0.025,0.3425,0.2225,0,0,0.455,0,0.14,0,0,0,0,0,0.7975,0,0.1825,0,0.08,0.1075,0.525,0,0,0.005,0.51,0,0.0925,0,0.14,0,0,0,0,0.4775,0,0,0.0375,0.0225,0.1075,0,0.0775,0.175,0.0125,0.12,0,0,0,0,0.1775,0.1025,0,0.1975,0,0,0.3875,0.26,0.01,0,0,0,0,0,0,0.18,0,0.3575,0.0475,0.455,0,0,0,0,0.6275,0,0,0,0.1175,0.305,0.04,0.3475,0.385,0.0975,0.16,0.04,0.135,0,0.0575,0,0,0.195,0,0,0,0.095,0,0,0.7475,0,0.3525,0.2,0,0.63,0.46,0.2275,0,0,0,0,0.195,0.1575,0,0.155,0,0,0,0.325,0,0.4925,0,0.0325,0.0075,0,0.3525,0,0.6175,0,0,0,0.16,0.2225,0,0,0.41,0,0.41,0.04,0,0.13,0.535,0.1,0.2575,0.105,0.1025,0.3675,0.7125,0.29,0,0.0875,0,0.3525,0.615,0.07,0.3675,0,0,0.3275,0,0.0025,0.025,0,0,0,0.12,0,0,0,0,0,0.4525,0.29,0.3375,0.0075,0,0,0.235,0.245,0,0.2825,0.08,0,0.08,0.1475,0.3425,0.1925,0.25,0,0,0.1625,0,0,0,0.2525,0.0975,0.43,0,0.435,0.275,0.235,0,0,0.0575,0.07,0,0,0.35,0.91,0.475,0.7775,0.125,0.2625,0.005,0.0775,0.08,0.34,0.0275,0,0.545,0.4875,0.2325,0,0.5425,0.01,0,0.1025,0.53,0,0,0.0375,0.1025,0,0,0.17,0.53,0.11,0.21,0,0.305,0.1825,0.48,0.1575,0.1775,0.745,0.4,0,0,0,0.0475,0,0.3625,0,0,0.1675,0.08,0,0.1225,0.08,0,0.0475,0.0425,0,0,0.285,0.0175,0,0,0,0.845,0,0,0.0825,0.005,0.565,0.0225,0.49,0.23,0,0,0,0.3,0.01,0,0,0.445,0,0,0.1925,0.4025,0.16,0.45,0.2725,0,0.1125,0.105,0.18,0,0.135,0,0,0,0.015,0,0,0.095,0,0.05,0.1075,0,0,0.2425,0.0425,0,0,0,0.48,0,0,0.215,0.1425,0.2025,0,0.0575,0.2775,0.3225,0,0.16,0.1575,0,0.25,0.0325,0,0,0,0,0,0.585,0.27,0.25,0,0.305,0.4875,0,0.08,0,0,0,0.2075,0,0,0.08,0.12,0,0,0,0.2275,0.0975,0.495,0.0725,0.025,0.415,0.305,0,0,0.2025,0.005,0.08,0,0,0.235,0,0.0425,0.1025,0,0.53,0.245,0.26,0.3225,0,0.2075,0.2225,0.1025,0,0.34,0.415,0,0,0.505,0.1625,0.4575,0.03,0,0,0.035,0.02,0.515,0.08,0,0,0.385,0,0.18,0.2325,0,0.285,0.445,0.43,0,0.21,0,0.715,0.08,0.2175,0,0.575,0,0,0.01,0.155,0,0,0.2475,0.0425,0.2525,0.0075,0,0.2475,0.075,0.46,0.04,0,0,0.3925,0,0,0.215,0.03,0,0.2625,0,0.7175,0,0.32,0.2675,0.0825,0.4375,0.3025,0.26,0.075,0,0.1025,0,0.1375,0.095,0.135,0,0,0.085,0,0,0.085,0,0,0.07,0.0525,0,0.05,0,0,0.1075,0.0225,0,0.2425,0,0,0.0875,0.1025,0.0725,0,0,0.08,0.18,0.23,0,0
0,0,0.1625,0.1975,0,0,0.0475,0.55,0,0,0,0,0,0.385,0,0.225,0.055,0,0.51,0,0.2925,0,0.0225,0,0,0,0.5975,0.0475,0,0.19,0,0.03,0,0.435,0,0.0575,0.1025,0.4325,0,0,0.1875,0.1675,0,0,0,0,0.17,0,0,0,0.3175,0.08,0.2125,0.115,0,0.15,0,0,0.155,0.2575,0.0275,0.1525,0.4825,0,0.0775,0.5075,0.1975,0.0625,0,0,0.0375,0,0.1725,0.36,0.0625,0,0.3975,0.2,0,0.09,0.0725,0.14,0.615,0.1625,0.075,0,0,0,0,0.085,0.1725,0,0.29,0.2,0.0075,0.05,0,0,0,0.54,0,0.025,0.5175,0.25,0.245,0.5275,0.5275,0,0,0.0975,0,0.2375,0,0,0.1625,0.04,0.08,0.2325,0.0275,0,0,0.31,0.03,0,0.5225,0,0,0,0,0.025,0,0,0.345,0.1125,0,0.185,0,0.3575,0.0125,0.015,0.2275,0.34,0,0,0.3425,0.11,0,0,0,0.84,0,0.105,0.0575,0,0,0.035,0.08,0.34,0.47,0,0,0.2675,0,0.1425,0,0,0.08,0.02,0.005,0.5225,0.035,0,0,0.42,0,0.5175,0,0.075,0.2425,0,0.08,0.0925,0.2125,0.5175,0.0625,0,0,0,0.1025,0,0.1325,0.17,0,0.12,0.3625,0,0.85,0.18,0,0.5075,0.02,0.8175,0.0375,0.0275,0,0,0.175,0.1025,0.075,0,0,0,0.0675,0,0.31,0.695,0.2525,0,0,0.435,0.0275,0,0.345,0,0.0475,0.285,0.345,0,0.5975,0,0.4975,0,0,0,0,0,0.0725,0.2425,0,0,0.07,0.615,0,0.3475,0.08,0.02,0.295,0.5,0,0,0,0,0,0,0,0.1925,0,0.4275,0.4225,0.1425,0.105,0.205,0.4425,0,0,0,0.06,0,0.005,0,0.06,0.05,0.1875,0.0925,0,0.4825,0.4775,0,0,0,0,0.2475,0,0,0,0.125,0.01,0.08,0.6,0,0.05,0,0.0925,0,0,0,0,0,0,0.1825,0,0.1375,0.2975,0,0,0,0,0,0.085,0,0.1975,0,0,0.065,0.0925,0,0,0.62,0,0,0.255,0,0.25,0,0,0.655,0,0.1175,0.05,0.14,0,0,0,0.15,0.1525,0,0,0.1275,0,0,0.0125,0.18,0,0,0.1675,0,0.0075,0.1775,0.2275,0.4475,0,0.0075,0.02,0.0825,0,0.3325,0,0.1125,0.28,0.1925,0.215,0.0975,0,0,0,0.715,0.45,0,0.3275,0.0075,0,0.135,0.4475,0,0,0.045,0.2625,0.0025,0.11,0.56,0,0.16,0.34,0.7925,0.005,0,0.3925,0.3075,0.615,0,0.245,0,0,0,0,0.545,0,0,0.39,0.205,0.1175,0.28,0.3375,0.47,0.13,0,0.3025,0.4275,0.6875,0.08,0.095,0,0.3225,0.64,0.345,0,0,0.0525,0.315,0.385,0,0.005,0,0.09,0.5425,0.38,0.63,0.235,0,0.26,0.3575,0.28,0.255,0,0,0,0.555,0,0.1775,0.11,0.595,0,0,0,0.72,0,0.775,0.0925,0.45,0.01,0.6125,0,0,0,0,0,0,0.015,0,0.505,0.31,0,0,0.33,0.2325,0.0275,0.11,0.0325,0.0175,0.16,0.1725,0.13,0.335,0,0.055,0.02,0.43,0.1675,0.105,0,0.18,0,0.31,0,0,0.09,0.25,0.1875,0.11,0.4625,0.39,0.115,0.05,0,0.105,0,0.08,0,0.565,0.21,0.08,0.115,0.4775,0.5725,0,0.0125,0.865,0.46,0,0.19,0.6775,0.135,0.0375,0.07,0.365,0,0.8475,0.205,0,0.54,0.3475,0,0,0.365,0,0.275,0,0,0,0,0,0.825,0.0025,0.33,0,0.0925,0.14,0.68,0,0,0,0.39,0,0.3675,0,0.1525,0.06,0,0,0,0.15,0,0,0.09,0.08,0.32,0,0.11,0.0025,0.0825,0.4625,0,0,0,0,0.4675,0,0.0525,0.08,0,0,0.4075,0.16,0.1025,0,0,0,0,0,0,0.325,0,0.165,0.08,0.45,0,0,0,0,0.485,0.0325,0,0,0.1875,0.26,0.01,0.515,0.015,0.27,0.08,0.0425,0,0,0.1125,0,0,0.1,0,0,0.0075,0.05,0.045,0,0.305,0,0.8225,0,0,0.7675,0.16,0.1175,0,0,0,0,0.1675,0.0675,0,0.07,0,0,0,0.335,0,0.615,0,0,0.2525,0,0.275,0,0.5075,0,0,0,0.3875,0.2675,0,0,0.3725,0,0.1125,0.045,0,0.24,0.6775,0.02,0.055,0.2,0.0875,0.3775,0.845,0.38,0,0.21,0.0175,0.3175,0.3025,0.135,0.11,0.08,0,0.3825,0.07,0,0.08,0,0,0,0.2375,0,0,0.0275,0,0,0.225,0.3075,0.215,0.2775,0,0,0.245,0.1575,0,0.0525,0.1125,0,0.1375,0.1175,0.165,0.4375,0.39,0,0,0.105,0,0,0,0.4025,0.17,0.185,0,0.375,0.0375,0.395,0,0,0.1625,0.2575,0,0,0.385,0.685,0.2775,0.72,0.1425,0.4775,0.0625,0.0175,0.1075,0.44,0,0,0.505,0.4925,0.265,0,0.095,0.045,0,0.0275,0.295,0,0,0,0.08,0,0,0.1575,0.3175,0.0775,0.415,0,0.005,0.0675,0.455,0.215,0.2625,0.605,0.2875,0.08,0,0,0.1175,0,0.3875,0,0,0.4275,0.0325,0,0.1325,0.0225,0,0,0.0225,0,0,0.0525,0.055,0,0,0.09,0.7025,0,0,0.02,0.0075,0.5075,0.015,0.3775,0.545,0,0,0,0.02,0.0275,0,0,0.5375,0,0.065,0.0675,0.1725,0.195,0.4975,0.27,0,0.1325,0.015,0.115,0,0.07,0.0675,0,0,0.0875,0,0,0.08,0.025,0.0225,0.045,0,0,0.2075,0.0825,0,0,0,0.5625,0,0,0.1675,0.035,0.265,0.0425,0.025,0.3325,0.3925,0,0.4275,0.1525,0.08,0.2975,0.08,0,0,0,0,0,0.8825,0.25,0.05,0,0.435,0.4425,0,0.0975,0,0,0,0,0,0,0.1475,0.0375,0,0,0,0.395,0.165,0.37,0.08,0.085,0.425,0.0275,0,0.08,0.1275,0.19,0.355,0,0.095,0.2175,0,0.2275,0.18,0,0.45,0.2825,0.1175,0.4925,0,0.28,0.3825,0.125,0.215,0.25,0.0725,0,0,0.2975,0.16,0.4475,0.005,0,0,0.29,0.1175,0.72,0.025,0,0,0.245,0,0.1325,0.505,0,0.1325,0.3225,0.78,0,0.2875,0,0.56,0,0.1225,0,0.59,0,0,0.09,0.1625,0,0.015,0.4175,0.195,0.3625,0.12,0.02,0.1575,0.0275,0.28,0.0625,0,0,0.15,0,0.15,0.2275,0.12,0,0.07,0,0.6075,0,0.0475,0.12,0.14,0.255,0.36,0.125,0.1325,0.1825,0.1525,0,0.3175,0.2425,0.2375,0,0,0.1225,0,0,0.1425,0,0,0.0175,0.1525,0,0.24,0,0,0.0575,0.03,0,0.2475,0,0,0.17,0.0275,0.16,0,0,0.05,0.085,0.07,0,0
0,0,0.1825,0.3525,0,0,0,0.4125,0,0,0,0,0,0.3825,0,0.255,0.2925,0,0.515,0,0.01,0,0.08,0,0,0,0.3725,0,0,0.0425,0,0.055,0,0.4575,0,0.065,0.11,0.3775,0,0.08,0.04,0.43,0,0,0,0.0125,0.385,0,0,0,0.325,0.0225,0.185,0.1525,0,0.05,0,0,0.155,0.3,0.08,0.225,0.66,0,0.1675,0.4325,0.3225,0.035,0,0,0.2575,0,0,0.08,0.005,0,0.195,0.275,0,0.095,0.0775,0.095,0.58,0.01,0.0025,0,0,0,0,0,0.0425,0,0.115,0.12,0.01,0,0,0,0,0.5725,0,0,0.56,0.22,0.1475,0.8075,0.6175,0,0.2275,0.1575,0.0575,0.0875,0.005,0,0.3175,0.095,0,0.3225,0,0,0,0.325,0.005,0,0.7475,0,0,0,0.08,0.0625,0,0,0.54,0.165,0,0.185,0,0.315,0,0.1825,0.1375,0.55,0,0,0.4375,0,0,0,0,0.82,0,0.02,0.025,0.005,0,0.08,0.115,0.4075,0.3525,0.1825,0,0.135,0,0,0,0,0,0.1125,0,0.3325,0.145,0,0,0.0425,0,0.4125,0,0.03,0.0325,0,0.03,0.035,0.095,0.5525,0.08,0,0,0,0.01,0,0.2275,0.2975,0,0.2425,0.3325,0,0.445,0.045,0,0.615,0.01,0.88,0,0.0275,0,0,0.0425,0.1125,0,0,0.2275,0,0.1125,0,0.2575,0.6075,0,0,0,0.395,0,0,0.6175,0,0,0.24,0.0475,0,0.645,0.08,0.325,0,0.0825,0,0,0,0.1725,0.5275,0,0,0.1225,0.3275,0,0.49,0.09,0,0.315,0.4675,0,0,0,0,0,0,0,0.2075,0,0.535,0.375,0.0725,0.33,0.25,0.28,0,0,0,0.08,0,0.0075,0,0.08,0.17,0.17,0.22,0,0.395,0.83,0,0,0,0,0.315,0,0,0.0275,0.1375,0,0.0725,0.6875,0,0.1025,0,0.215,0,0,0,0,0.1975,0,0.2975,0,0.28,0.415,0,0,0,0,0,0.175,0,0.07,0.0025,0,0.345,0.085,0,0,0.7625,0,0,0.335,0,0.285,0,0,0.605,0,0.085,0.08,0.1525,0,0,0,0.14,0.4125,0,0,0.1375,0,0,0.0925,0.07,0,0,0.17,0.075,0.0025,0.0825,0.445,0.63,0.005,0.08,0.15,0,0,0.0375,0,0.1725,0.1575,0.2475,0.4775,0.1075,0,0,0,0.4625,0.155,0,0.125,0.1975,0,0.1175,0.31,0,0,0.11,0.255,0,0.03,0.68,0,0.365,0.63,0.6275,0.1525,0,0.3575,0.1525,0.875,0.21,0.115,0,0,0,0,0.33,0,0,0.5775,0.085,0.0925,0.25,0.26,0.5025,0,0,0.115,0.42,0.6425,0.0475,0.0925,0,0.08,0.5025,0.32,0,0,0.0975,0.22,0.405,0,0.0325,0,0.0425,0.275,0.4125,0.535,0.13,0,0.1775,0.2225,0.255,0.02,0,0,0,0.645,0.105,0,0.15,0.745,0,0,0,0.6575,0,0.74,0.08,0.405,0.0075,0.255,0,0,0.12,0,0,0,0.09,0,0.3175,0.4525,0.055,0,0.375,0.2675,0,0.0125,0,0.0025,0.085,0.2625,0.1925,0.3425,0,0.08,0.035,0.3075,0.21,0.12,0,0.095,0,0.5375,0,0,0.26,0.2175,0.1675,0.0625,0.2625,0.2675,0.1825,0.0225,0,0.21,0,0,0.06,0.5375,0.1325,0,0.0925,0.45,0.7125,0,0.39,0.585,0.4325,0,0.2375,0.7,0.235,0.0225,0.1025,0.4425,0,0.69,0.2825,0,0.375,0.13,0,0,0.24,0,0.2775,0,0,0,0,0,0.555,0,0.34,0,0.105,0.1775,0.2225,0,0,0.0075,0.18,0,0.1075,0,0.1175,0.1025,0,0,0,0.185,0,0,0.0825,0,0.1175,0,0.01,0,0.1775,0.2075,0,0,0,0,0.2825,0.0175,0.0425,0.3125,0,0,0.535,0.1075,0.17,0,0,0,0,0,0,0.2175,0,0.1675,0.0725,0.245,0,0,0,0,0.655,0.0575,0,0,0.0725,0.2125,0.035,0.3125,0.2025,0.07,0.29,0.215,0,0,0.125,0,0,0.0325,0,0,0,0.1575,0,0,0.3175,0,0.7225,0,0,0.44,0.0525,0.2125,0,0,0,0,0.2975,0.0475,0,0,0,0,0,0.52,0,0.5925,0,0.0525,0.265,0,0.2675,0,0.3275,0,0,0,0.08,0.3625,0,0,0.29,0,0.3,0.0875,0,0.0325,0.425,0,0.23,0.1775,0.0575,0.535,0.885,0.1275,0,0.5125,0.055,0.2575,0.5875,0.1725,0.2475,0.12,0,0.35,0.075,0.025,0.1975,0,0,0,0.2175,0,0,0.025,0,0,0.335,0.47,0.47,0.015,0,0,0.27,0.16,0,0.185,0.08,0,0.135,0.3125,0.185,0.21,0.415,0,0.08,0.095,0,0,0,0.43,0.1375,0.4225,0,0.6075,0.13,0.1875,0,0,0.16,0.25,0,0,0.19,0.4875,0.425,0.7025,0.4025,0.5075,0.035,0.1425,0.2175,0.29,0.08,0,0.4375,0.6625,0.2625,0,0.2475,0.08,0,0.03,0.35,0,0,0.09,0.16,0,0,0.27,0.1825,0.1575,0.1675,0,0.16,0.005,0.4275,0.0975,0.1525,0.4325,0.4375,0,0,0,0.135,0,0.355,0,0,0.27,0.1425,0,0.025,0,0,0,0.08,0,0,0.29,0,0,0,0.09,0.51,0,0,0.08,0.025,0.4725,0.08,0.58,0.435,0,0,0,0.125,0,0,0,0.4525,0,0,0.205,0.24,0.13,0.435,0.19,0,0.2425,0.08,0.165,0,0.085,0.0575,0,0,0,0,0,0.16,0,0.4175,0,0,0,0.5225,0.1625,0,0,0,0.335,0,0,0,0.22,0.4,0.065,0.0975,0.3,0.275,0,0.29,0.2325,0.255,0.425,0.07,0.02,0,0,0,0,0.73,0.3475,0.175,0,0.5775,0.585,0,0.13,0,0,0,0.15,0,0,0.01,0.065,0,0,0,0.505,0.1025,0.4575,0.0875,0.0925,0.42,0.02,0,0.035,0.1525,0.08,0.0825,0,0.08,0.005,0.055,0.1775,0.12,0,0.445,0.185,0.25,0.33,0,0.2275,0.2225,0.33,0.0525,0.305,0.04,0,0,0.25,0.0725,0.2825,0.0875,0,0,0.16,0.03,0.33,0.19,0,0,0.3875,0,0.105,0.3825,0,0.1025,0.5025,0.735,0,0.4725,0,0.6075,0.0725,0.1,0,0.5025,0,0,0.13,0.165,0,0.0275,0.4975,0.2075,0.3075,0.0925,0.15,0.3425,0,0.155,0.0375,0,0,0.39,0,0.02,0.13,0.0825,0,0.075,0,0.6025,0,0.145,0.08,0.35,0.11,0.18,0.1275,0,0.02,0.0525,0,0.0525,0.105,0.155,0,0,0.125,0,0,0.115,0,0,0,0.1475,0,0.0875,0,0,0.17,0,0,0.3475,0,0,0.0725,0.1,0.095,0,0,0.015,0.295,0,0,0
0,0,0.375,0.29,0,0,0,0.61,0,0,0,0,0,0.375,0,0.15,0.08,0,0.665,0,0.1025,0,0,0,0,0,0.1425,0.1425,0,0.0075,0,0.19,0,0.37,0,0.22,0.0925,0.1175,0,0.0025,0.115,0.39,0,0,0,0.08,0.5525,0,0.04,0,0.4325,0,0.26,0.135,0,0.065,0,0,0.155,0.285,0,0.28,0.5625,0,0.2175,0.4875,0.085,0.055,0,0,0.3675,0,0.0625,0.2,0.085,0,0.22,0.0975,0.08,0.065,0.1025,0.195,0.2225,0.1,0,0,0,0,0,0.075,0.11,0,0.1475,0.04,0.0625,0,0,0,0,0.4,0,0.03,0.5425,0.1275,0.1375,0.5575,0.4225,0,0.155,0.045,0.005,0.0175,0,0,0.2525,0.15,0.08,0.17,0,0,0,0.2,0,0,0.64,0,0,0,0.01,0.08,0,0,0.42,0.0375,0,0.2425,0,0.27,0,0.055,0.17,0.485,0,0,0.51,0.205,0,0,0,0.79,0,0.015,0.03,0,0,0.08,0.0475,0.54,0.6175,0,0,0.3325,0,0.0675,0,0,0.08,0,0,0.2825,0.08,0,0,0.2125,0,0.485,0.125,0,0.19,0,0.0075,0,0.32,0.6825,0,0,0,0,0.085,0,0.075,0.2175,0,0.15,0.335,0,0.62,0,0,0.425,0.1975,0.9675,0.065,0.2925,0,0,0.275,0.26,0.14,0,0.34,0.0125,0.365,0,0.305,0.595,0,0,0,0.4675,0.0075,0,0.215,0,0,0.24,0.305,0,0.525,0.125,0.4275,0,0.0225,0.11,0,0,0.1175,0.3825,0,0,0.1875,0.41,0,0.2025,0.2675,0.17,0.2175,0.3025,0,0,0,0,0,0,0,0.045,0,0.39,0.6475,0.205,0.2725,0.175,0.33,0,0,0,0.105,0,0,0,0,0.0925,0.295,0.045,0,0.29,0.7125,0,0,0,0,0.3925,0,0,0.1725,0.15,0,0.03,0.7575,0,0.0975,0,0.0575,0,0,0,0,0.095,0,0.3875,0,0.1275,0.385,0,0,0,0,0,0.07,0,0.2725,0.0825,0,0.0725,0.2075,0.0375,0,0.605,0,0,0.2275,0,0.1325,0,0,0.495,0,0.18,0.1525,0.0375,0,0,0,0.22,0.1525,0,0,0.345,0,0,0.105,0.2025,0,0,0.1725,0.0725,0.0175,0.205,0.3925,0.3775,0,0,0.175,0.0275,0,0.08,0,0.1475,0.0075,0.3375,0.24,0.1025,0,0,0,0.7525,0.23,0,0.355,0,0,0.125,0.2625,0,0,0.03,0.6875,0.0275,0.1325,0.4375,0,0.2475,0.4725,0.7325,0.005,0,0.3625,0.255,0.555,0.275,0.0075,0,0,0,0,0.41,0,0,0.5675,0.23,0.345,0.1675,0.295,0.26,0.0575,0,0.205,0.1025,0.2875,0.0825,0.245,0,0.2325,0.6175,0.3,0,0,0.005,0.08,0.57,0,0.08,0,0.2875,0.2275,0.365,0.48,0.2075,0,0.31,0.2125,0.3975,0.155,0,0,0,0.4625,0.0425,0.1025,0.2275,0.6375,0,0,0,0.44,0,0.385,0,0.385,0.01,0.2575,0,0,0.03,0,0,0,0.0375,0,0.425,0.2,0.0675,0,0.3975,0.235,0.03,0.1,0,0,0.0375,0.1725,0.01,0.37,0,0.0075,0.1225,0.4025,0.27,0.1725,0,0.2775,0,0.31,0,0,0.13,0.3225,0.135,0.1175,0.43,0.37,0.155,0.005,0,0.175,0,0.0725,0,0.5225,0.125,0.0025,0.2125,0.2775,0.555,0,0.245,0.4325,0.4125,0,0.2375,0.565,0.13,0.025,0.0325,0.605,0,0.7875,0.08,0.11,0.5775,0.1975,0,0,0.3775,0,0.39,0,0,0,0,0,0.5975,0,0.475,0,0.11,0.125,0.595,0,0,0.08,0.365,0,0.08,0,0.1575,0.1875,0,0,0,0.43,0,0,0.1925,0.08,0.1,0,0.105,0.0025,0.065,0.4175,0,0,0,0,0.1675,0.195,0,0.2675,0,0,0.4375,0.3875,0.0425,0,0,0,0,0,0,0.255,0,0.2675,0,0.475,0,0,0,0,0.7775,0,0,0,0.14,0.3175,0,0.555,0.15,0.2575,0.02,0.12,0.005,0,0.175,0,0,0.265,0,0,0,0.155,0.2575,0,0.33,0,0.385,0,0,0.5625,0.23,0,0,0,0,0,0.15,0.16,0,0,0,0,0,0.0925,0,0.4975,0,0.0325,0.39,0,0.1,0,0.57,0,0,0,0.215,0.12,0,0,0.1975,0,0.125,0,0,0.295,0.7525,0,0,0.2275,0.165,0.2275,0.5925,0.28,0,0.08,0,0.5125,0.505,0.09,0.2275,0.0425,0,0.26,0,0.1775,0.17,0,0,0,0.1375,0,0,0,0,0,0.3175,0.32,0.36,0.005,0,0,0.3225,0.0525,0,0.245,0,0,0.3425,0.13,0.2,0.1375,0.3975,0,0.06,0.0525,0,0,0,0.275,0.1875,0.4225,0,0.5925,0.1325,0.2825,0,0,0.2,0.2425,0,0,0.155,0.43,0.2975,0.7625,0.54,0.3875,0.08,0.0525,0.0875,0.3675,0.0775,0,0.3725,0.505,0.1875,0,0.285,0.18,0,0.0025,0.22,0,0,0,0,0,0,0.2925,0.0925,0.2425,0.3,0,0.1175,0.015,0.64,0.1875,0.13,0.385,0.42,0,0,0,0.0275,0,0.3575,0,0,0.335,0.0775,0,0.2,0,0,0,0.02,0,0,0.36,0.1525,0,0,0.11,0.585,0,0,0.0875,0,0.485,0,0.2825,0.5025,0,0,0,0.06,0.16,0,0,0.585,0,0.035,0.135,0.3175,0.1725,0.51,0.52,0,0.0825,0.08,0.015,0,0.1025,0.1725,0,0,0.21,0,0,0.08,0,0.0775,0.08,0,0,0.2875,0.2225,0,0,0,0.635,0,0,0.14,0.1375,0.6875,0,0.0375,0.1975,0.1025,0,0.41,0.08,0.1375,0.2475,0.14,0.1325,0,0,0,0,0.3075,0.37,0.245,0,0.535,0.6325,0,0.095,0,0,0,0.105,0,0,0.1,0.015,0,0,0,0.1725,0.015,0.3225,0.0975,0.175,0.56,0,0,0,0.1725,0.145,0.04,0,0.15,0.2625,0.065,0.0775,0.095,0,0.325,0.19,0.2075,0.2475,0,0.2175,0.4925,0.16,0.035,0.3975,0.32,0,0,0.1925,0.21,0.445,0.0225,0,0,0.1475,0.1025,0.34,0.0675,0,0,0.545,0,0.075,0.2675,0,0.0575,0.2225,0.8625,0,0.205,0,0.4375,0.1025,0.155,0,0.415,0,0,0,0.1775,0,0.045,0.365,0.415,0.26,0.125,0.08,0.395,0.0275,0.265,0.2375,0,0,0.34,0,0,0.3275,0.08,0,0.3175,0,0.53,0,0.215,0.08,0.055,0.335,0.1625,0.1775,0.22,0.0325,0.08,0,0.1425,0.06,0.12,0,0,0.0025,0,0,0.035,0,0,0,0.1375,0,0.0125,0,0,0,0.0275,0,0.27,0,0,0.08,0.1275,0.0925,0,0,0.0325,0.005,0.1525,0,0
0,0.59,0.28,0.5075,0,0.5975,0.145,0.6475,0.135,0.08,0.12,0.0275,0.1975,0.7375,0.5725,0.8475,0.0225,0.3925,0.6125,0.8475,0.5925,0.31,0.08,0,0.415,0,0.64,0.295,0,0.1125,0,0.2275,0,0.91,0,0.6725,0.8,0.2025,0.785,0.3875,0.2125,0.8575,0.7075,0.5075,0.4225,0.1825,0.7725,0.17,0.06,0.885,0.8575,0.095,0.2725,0.7225,0.14,0.035,0.1125,0.6275,0.8075,0.3275,0.165,0.245,0.9125,0,0.455,0.36,0.2725,0.37,0.8375,0.175,0.2925,0.25,0.0675,0.725,0.495,0.395,0.5225,0.3175,0.16,0.095,0.1525,0.9075,0.9025,0.0225,0.0275,0.23,0.8875,0.3175,0,0.43,0.7975,0.5025,0.2275,0.175,0.08,0.04,0,0.115,0.9025,0.6725,0.2575,0,0.705,0.7,0.3425,0.8225,0.9475,0.6675,0.6975,0.34,0.02,0,0.0375,0.0925,0.71,0.08,0.2275,0.315,0.04,0.7075,0,0.7775,0.7075,0.0575,0.56,0.055,0.19,0.34,0.7675,0.34,0.2425,0,0.4225,0.4375,0.835,0.1475,0.1725,0.6675,0.18,0.1325,0.185,0.7475,0.1375,0.615,0.425,0.0875,0.2675,0.0675,0,0.5075,0,0.0975,0.185,0.095,0.8225,0,0.215,0.4075,0.8475,0.1025,0,0.3275,0.8825,0.0875,0,0.1275,0.4075,0.3925,0,0.8075,0.8325,0.1075,0.035,0.8125,0,0.995,0,0.785,0.1425,0,0,0.28,0.675,0.8225,0.13,0.115,0,0.33,0.085,0.46,0.2025,0.0025,0.15,0.425,0.42,0.9725,0.36,0,0,0.8075,0.325,0.7425,0.2,0.5625,0.125,0.7275,0.84,0.17,0.0875,0.13,0.2625,0.0675,0.165,0,0.8325,0.715,0.21,0.16,0.6025,0.3825,0.29,0.0325,0.825,0.015,0.285,0.225,0.3475,0.32,0.78,0,0.8575,0.08,0,0.13,0.7225,0.2975,0.2125,0.3925,0.3275,0.445,0.74,0.405,0.25,0.22,0.5975,0.14,0.0325,0.84,0.165,0.0175,0.2575,0.3125,0.2025,0.0475,0,0.325,0.525,0.485,0.6925,0.0975,0.25,0.08,0.475,0.4375,0.1125,0.48,0.045,0.345,0.08,0.1875,0.78,0.77,0.7875,0.565,0.1825,0.1925,0.93,0.0125,0.94,0.2275,0.8225,0.67,0.0475,0.2175,0.3175,0.5925,0.43,0.38,0.715,0.89,0,0.35,0.165,0.095,0,0,0.785,0.09,0.7925,0.645,0.7,0.6475,0.5225,0.115,0,0.24,0.2075,0.425,0.0125,0.4775,0.4525,0.19,0,0,0.5425,0.175,0.155,0.78,0.2,0.64,0.645,0.5925,0.685,0,0.1925,0.9375,0.125,0.66,0.7775,0.73,0.49,0,0.275,0.065,0.6325,0.265,0.08,0.1575,0.3275,0.1275,0.1225,0.6375,0.36,0.865,0.0425,0.08,0.0875,0.065,0.6775,0.495,0.1575,0,0.1325,0.0225,0.125,0.7075,0.7375,0.345,0.465,0.1975,0.5225,0.53,0.2575,0,0,0.3975,0.7825,0.41,0.29,0.0225,0.14,0.12,0.45,0.195,0.265,0,0.64,0.25,0.0375,0.91,0.2525,0.48,0.5425,0.7025,0.335,0.24,0.225,0.6975,0.855,0.115,0.2125,0,0.18,0.49,0,0.35,0.0875,0,0.4875,0.08,0.215,0.525,0.755,0.405,0.26,0,0.0325,0.57,0.5975,0.8725,0.13,0.2375,0.2275,0.6325,0.785,0.335,0.0875,0.18,0.2175,0.5125,0.235,0.2725,0,0.22,0.5075,0.5625,0.5625,0.92,0,0.7,0.42,0.735,0.0125,0.1675,0.37,0.385,0.9025,0.8225,0.6125,0.2375,0.5525,0.675,0.2575,0.93,0.65,0,0.635,0.08,0.28,0.225,0.1575,0.1275,0.17,0.08,0.3575,0.0925,0.08,0.135,0.2325,0.4775,0.2925,0.02,0.08,0.3925,0.255,0.1675,0.3025,0.71,0.4175,0.615,0.0725,0.615,0.0875,0.1725,0.165,0.06,0.6125,0.375,0.105,0,0.92,0,0.9075,0,0,0.315,0.2875,0.2825,0.8875,0.9175,0.7175,0.5425,0.2225,0.4425,0.44,0.1625,0.265,0.035,0.475,0.43,0.05,0.1675,0.45,0.7925,0.6125,0.8225,0.495,0.705,0.415,0.89,0.885,0.46,0.35,0.5675,0.41,0.3,0.835,0.925,0.1925,0.84,0.8425,0,0.3775,0.5975,0.4675,0.78,0,0,0.08,0.01,0.08,0.8325,0.205,0.295,0.2175,0.0625,0.875,0.515,0.645,0.295,0.325,0.2075,0.0975,0.66,0.2525,0.725,0.1475,0,0.0625,0.1875,0.7425,0,0,0.1025,0,0.39,0.5175,0.2125,0.63,0.5325,0.43,0,0.035,0,0.5675,0.8575,0.3825,0.5175,0.6575,0.235,0.0325,0.3825,0.915,0.055,0,0.02,0.4025,0,0.055,0.0025,0.4375,0.3475,0.2075,0.14,0.9575,0.67,0,0.07,0.655,0.63,0.325,0.01,0.5075,0.1025,0.6775,0.9575,0.8575,0.8075,0.8325,0.69,0.3425,0.32,0,0.1225,0,0.355,0.175,0.76,0,0.3175,0.2,0.1575,0.105,0.4975,0.85,0.93,0.1125,0.85,0.545,0.8025,0.84,0.1225,0.6325,0.08,0.14,0.16,0.75,0.615,0.4775,0.245,0.215,0.0425,0.625,0.4525,0.6225,0.08,0.3075,0.5025,0,0.8375,0.16,0.5325,0.3775,0.28,0.0175,0.89,0.52,0,0.095,0.515,0.46,0.62,0.9075,0.22,0.1525,0.82,0.465,0.51,0.2875,0.09,0.63,0.59,0.2025,0.1575,0.0425,0.0275,0.5425,0.91,0.6825,0.5,0.1375,0.5925,0.265,0.59,0.7025,0.2475,0.305,0.38,0.5825,0.0775,0.2575,0,0.7525,0.49,0,0.265,0.1325,0.31,0.825,0.8925,0.0775,0.655,0.07,0,0.8625,0.6375,0,0.12,0.7325,0.5525,0.2025,0.5175,0.55,0,0.1125,0.2475,0.195,0.2875,0.7225,0.765,0.865,0.2325,0.2675,0.4775,0.135,0.08,0,0.275,0.5225,0.4275,0.2175,0.6775,0.5875,0.4275,0.8625,0.3375,0.7375,0.42,0.7275,0.27,0.6,0.81,0.065,0.4,0.8575,0.105,0.5425,0.9075,0.8125,0,0.5775,0.465,0.1225,0.375,0.22,0.5475,0.15,0.6,0.1025,0.32,0.3075,0.685,0,0.3575,0.3225,0.4875,0.645,0.38,0.63,0.5325,0,0,0.7,0.095,0.2075,0.6025,0.4725,0.115,0.13,0,0.425,0.265,0.6,0,0.2125,0,0.08,0.19,0.32,0.13,0.62,0.1525,0.3125,0.95,0.0075,0,0.6475,0.26,0.4725,0,0.4825,0.815,0.1025,0,0,0.09,0.4675,0.43,0.19,0.58,0.095,0.935,0.505,0.295,0.1975,0.54,0.21,0.1125,0.1025,0.2,0.4875,0.03,0.035,0.4275,0.1,0.0675,0.565,0.2675,0.1325,0.3125,0.3175,0.2675,0.0375,0,0.6225,0.3775,1,0.7025,0,0.165,0.7575,0,0.1075,0.735,0.105,0.43,0.955,0.0525,0.82,0.51,0.4125,0.5075,0.215,0.72,0.7525,0.4525,0.1475,0,0.7025,0.22,0.51,0.9575,0.3325,0.585,0.585,0.685,0.625,0,0.4975,0.2475,0.175,0.335,0.425,0.54,0,0.495,0.17,0,0,0.0075,0.29,0.0825,0.3575,0.0225,0.4675,0.4225,0.5875,0,0.5025,0.6225,0.3375,0.8675,0.12,0.2575,0.4725,0.17,0.2375,0.2875,0,0.1375,0.0575,0.6025,0.295,0,0.6975,0.79,0.9375,0.675,0.9125,0.035,0,0.425,0.85,0.08,0.44,0.86,0,0,0.08,0,0.9025,0.9375,0.985,0.0375,0.5375,0.08,0.3125,0.2075,0,0.175,0.665,0.755,0.06,0.5025,0,0.8925,0.7625,0.4125,0.3775,0.7475,0.065,0.2525,0.5175,0.9175,0.28,0.16,0.87,0.1475,0.0825,0.455,0,0.2175,0.56,0.225,0.05,0.46,0.2225,0.62,0,0.5925,0.45,0.4775,0.39,0.16,0.1975,0.7425,0.1425,0.13,0.1575,0.16,0.5525,0.4575,0.2425,0.185,0.02,0.5475,0.055,0.1025,0.6475,0.8225,0.3275,0,0.1975,0.0425,0.425,0.1575,0,0.18,0,0.095,0.1125,0.1525,0.48,0,0.15,0,0,0.525,0.6025,0.2125,0,0.32,0.225,0,0,0.43,0.265,0.62,0,0.18
0,0.58,0.2525,0.1225,0,0.5825,0.13,0.235,0.025,0.1,0.515,0.25,0.015,0.6425,0.7925,0.8825,0.0075,0.455,0.895,0.745,0.6475,0.41,0.0175,0,0.5025,0,0.8075,0.1525,0,0.2675,0,0.2625,0,0.8675,0,0.4275,0.9125,0.08,0.655,0.605,0.08,0.6725,0.61,0.495,0.335,0.3675,0.9725,0.16,0.0925,0.8025,0.6325,0.0475,0.1325,0.445,0.175,0.105,0.095,0.625,0.89,0.1575,0.0075,0.2925,0.9325,0,0.33,0.4275,0.225,0.06,0.6825,0.13,0.465,0.035,0,0.63,0.35,0.3125,0.3425,0.3925,0.2625,0.0975,0.0325,0.81,0.7,0.085,0,0.39,0.86,0.2925,0,0.6825,0.76,0.62,0.195,0.175,0.09,0.01,0.16,0.1675,0.85,0.6625,0.16,0.0425,0.56,0.66,0.555,0.6675,0.8,0.67,0.6775,0.12,0.015,0,0.0175,0.0975,0.7325,0.015,0.3525,0.445,0,0.545,0,0.905,0.735,0.135,0.605,0.22,0.245,0.4725,0.4825,0.305,0.195,0,0.345,0.7375,0.6975,0.2975,0.395,0.51,0.1525,0.2975,0.135,0.36,0.225,0.36,0.445,0.065,0.1875,0.02,0,0.56,0,0.16,0.2375,0.165,0.9975,0.0125,0.2275,0.3925,0.725,0.08,0,0.435,0.9525,0.0875,0.16,0.0325,0.3825,0.435,0.03,0.7525,0.4925,0.2475,0.05,0.9525,0,0.8475,0,0.7075,0.12,0,0.005,0.26,0.645,0.8875,0.25,0.1525,0,0.3875,0.1025,0.235,0.2675,0.33,0.115,0.415,0.3675,0.84,0.5025,0.18,0,1,0.41,0.67,0.1175,0.305,0,0.705,0.645,0.2225,0.0125,0.03,0.1975,0.1475,0.4,0,0.92,0.8,0.3125,0.1875,0.6775,0.3525,0.645,0,0.97,0.1425,0.36,0.2025,0.4275,0.3425,0.715,0.16,0.5875,0.165,0.08,0.1725,0.555,0.2925,0.1975,0.1725,0.1975,0.18,0.82,0.1725,0,0.405,0.8225,0.35,0.2175,0.93,0.13,0.0925,0.36,0.225,0.2525,0.0325,0.1075,0.3825,0.4575,0.7075,0.8025,0,0.13,0.46,0.525,0.38,0.3175,0.3925,0.06,0.2075,0.1125,0.1475,0.915,0.815,0.6525,0.3875,0.2775,0.3775,0.81,0.08,0.865,0.1,0.86,0.7775,0.0525,0.3675,0.4175,0.715,0.33,0.07,0.6125,0.6275,0.1325,0.2225,0.2775,0.1775,0,0.0625,0.7675,0.13,0.69,0.45,0.4125,0.595,0.7025,0.005,0,0.21,0.1725,0.5875,0.08,0.1675,0.6025,0.125,0,0.12,0.515,0.405,0.0275,0.92,0.27,0.635,0.63,0.5475,0.61,0,0.2175,0.9875,0.11,0.7475,0.455,0.3475,0.68,0,0.285,0.175,0.575,0.1625,0,0.385,0.2,0.0575,0.1025,0.55,0.18,0.84,0.1975,0,0,0.0475,0.7875,0.6575,0,0,0.1725,0.2,0,0.6725,0.6375,0.095,0.29,0.245,0.7275,0.7,0.16,0,0,0.7375,0.7875,0.4875,0.085,0.1275,0.1175,0.145,0.7025,0.265,0.2225,0.12,0.5925,0.11,0,0.6125,0.255,0.3275,0.5775,0.7425,0.3775,0.27,0.4025,0.62,0.92,0.2025,0.2575,0,0.13,0.5225,0,0.425,0.135,0,0.6025,0.1525,0.2575,0.1225,0.8,0.4525,0.2975,0,0.0875,0.655,0.565,0.8425,0.095,0.4975,0.14,0.775,0.8025,0.3125,0.295,0.025,0.2125,0.595,0.0225,0.165,0,0.325,0.47,0.5575,0.535,0.73,0,0.405,0.1925,0.8325,0.215,0.2,0.325,0.7475,0.92,0.655,0.42,0.3925,0.5825,0.51,0.18,0.85,0.5875,0,0.78,0.055,0.43,0.1175,0.2175,0,0.1925,0,0.1925,0.015,0,0.15,0.0325,0.33,0.0775,0.0025,0.1375,0.505,0.315,0.0325,0.1975,0.735,0.455,0.6325,0.2725,0.58,0.135,0.095,0.4025,0.0925,0.3375,0.195,0.08,0,0.73,0,0.9525,0,0,0.26,0.4625,0.29,0.88,0.82,0.7425,0.385,0.2575,0.455,0.2025,0.2575,0.6675,0,0.64,0.39,0.08,0.2275,0.4075,0.5225,0.6075,0.7625,0.6475,0.61,0.4725,0.6775,0.975,0.0925,0.21,0.6625,0.585,0.2,0.5275,0.9025,0.005,0.8725,0.78,0.08,0.0775,0.5575,0.36,0.7025,0.235,0,0.1175,0,0.16,0.775,0.2625,0.34,0.185,0.015,0.835,0.58,0.5925,0.4525,0.2525,0.5325,0.02,0.655,0.27,0.34,0.315,0,0.085,0.1,0.6975,0,0.0375,0.1875,0,0.32,0.78,0.165,0.545,0.465,0.29,0,0,0,0.4375,0.5475,0.2425,0.6675,0.5725,0.2475,0.07,0.32,0.8225,0,0.08,0.16,0.1475,0,0.1475,0,0.4075,0.0825,0.27,0.44,0.7975,0.545,0,0.1375,0.4625,0.8575,0.0275,0.08,0.72,0.3475,0.525,0.7575,0.955,0.84,0.7875,0.255,0.5575,0.2225,0,0.075,0.02,0.245,0.2125,0.9975,0,0.3575,0.395,0.1325,0.1675,0.575,0.88,0.865,0,0.83,0.6575,0.8975,0.3975,0,0.4875,0.0275,0.1625,0.0875,0.79,0.73,0.5975,0.305,0.0625,0,0.735,0.7025,0.7575,0.21,0.48,0.5425,0,0.8375,0.1075,0.785,0.33,0.135,0.08,0.9825,0.64,0,0.2975,0.555,0.6025,0.7275,0.9425,0.1125,0.2025,0.7875,0.475,0.55,0.2225,0.225,0.5475,0.64,0.0925,0.09,0.2525,0.195,0.4675,0.9175,0.6875,0.5675,0.185,0.5825,0.2825,0.5975,0.6675,0.3775,0.4025,0.4375,0.6525,0.2625,0.2625,0,0.68,0.3525,0,0.415,0.265,0.405,0.8025,0.695,0.3775,0.915,0.225,0,0.8475,0.6425,0,0.1475,0.42,0.6075,0.2175,0.465,0.4,0.08,0.1225,0.4275,0.085,0.445,0.35,0.775,0.7475,0.46,0.3225,0.26,0.23,0.0025,0.295,0.3825,0.5325,0.4625,0.335,0.9325,0.68,0.39,0.845,0.505,0.57,0.17,0.795,0.085,0.67,0.875,0.0125,0.6,0.5575,0.23,0.4825,0.75,0.8675,0,0.5175,0.2375,0.2575,0.5,0.285,0.4,0.09,0.775,0.145,0.4675,0.47,0.7,0.0225,0.255,0.555,0.655,0.585,0.55,0.4375,0.47,0,0,0.6125,0.3725,0.1475,0.77,0.7425,0.2475,0.2575,0.075,0.215,0.3625,0.6,0,0.3975,0.11,0,0,0.26,0.08,0.5625,0.225,0.425,0.89,0.0025,0,0.2325,0.465,0.52,0,0.39,0.69,0.0725,0,0,0.205,0.2075,0.43,0.0125,0.4725,0.005,0.61,0.645,0.28,0.1025,0.31,0.2625,0.0925,0.1375,0.11,0.385,0.03,0.085,0.2175,0.195,0,0.4425,0.245,0.11,0.425,0.3275,0.4725,0.0175,0,0.84,0.34,0.7175,0.5825,0.0825,0.01,0.8425,0,0.0925,0.915,0.34,0.62,0.7375,0.0175,0.7225,0.3575,0.715,0.4525,0,0.82,0.9275,0.6325,0.1875,0,0.58,0.52,0.275,0.7225,0.21,0.4325,0.5975,0.9575,0.5575,0,0.6725,0.1675,0.02,0.2325,0.4825,0.4875,0,0.8125,0.195,0,0.0425,0.08,0.2125,0.2125,0.2675,0.01,0.145,0.42,0.3975,0,0.3125,0.6725,0.2,0.86,0.1125,0.255,0.5825,0.34,0.05,0.475,0,0.3125,0.1925,0.5575,0.4575,0,0.745,0.6225,0.8525,0.4975,0.7725,0.31,0,0.48,0.885,0.175,0.5675,0.9925,0,0,0.0375,0.0825,0.635,0.74,0.7625,0.1475,0.455,0.2175,0.375,0.22,0,0.1375,0.3525,0.7325,0.16,0.305,0,0.67,0.695,0.175,0.5525,0.69,0.0975,0.1875,0.58,0.67,0.44,0.205,0.8,0.225,0.29,0.4325,0.06,0.15,0.3875,0.16,0.145,0.53,0.13,0.575,0.0075,0.4925,0.45,0.505,0.745,0.135,0.1925,0.925,0.3775,0.22,0.1475,0.0525,0.3325,0.2225,0.4825,0.0925,0.0325,0.375,0.1675,0.24,0.7825,0.8525,0.2575,0,0.1375,0.29,0.2125,0.14,0,0.0475,0,0.205,0.1625,0.1775,0.3925,0,0.16,0.015,0,0.55,0.6375,0.405,0.105,0.2475,0.4675,0,0,0.4725,0.255,0.735,0,0.185
0,0.385,0.2675,0.2425,0,0.77,0.2325,0.6175,0.115,0.14,0.29,0.175,0.0575,0.875,0.795,0.8325,0.08,0.6325,0.8175,0.6675,0.37,0.3525,0,0,0.395,0,0.6325,0.0975,0,0.3025,0,0.485,0,0.79,0,0.6575,0.8175,0.1375,0.73,0.49,0.155,0.825,0.5375,0.3425,0.6825,0.13,0.7575,0.3375,0.035,0.5225,0.8375,0.265,0.3575,0.555,0.26,0.1925,0.145,0.6675,0.915,0.5375,0.1,0.42,0.92,0,0.3475,0.52,0.5025,0.29,0.8725,0.0025,0.35,0.2475,0.165,0.4325,0.35,0.2325,0.1825,0.35,0.2425,0.3525,0.0575,0.965,0.9925,0.0975,0,0.2825,0.68,0.425,0,0.78,0.8675,0.58,0.375,0.2625,0.0475,0,0.0325,0.4775,0.715,0.85,0.325,0.09,0.505,0.5375,0.3225,0.6575,0.65,0.7625,0.68,0.1675,0.0575,0.035,0,0.08,0.5075,0,0.2025,0.415,0,0.5625,0,0.925,0.59,0.1725,0.6775,0.1925,0.3625,0.3275,0.375,0.41,0.335,0,0.17,0.5425,0.6775,0.46,0.1875,0.6075,0.1475,0.125,0.31,0.62,0.285,0.4775,0.5425,0.01,0.2325,0.1075,0,0.635,0,0.13,0.0325,0.0225,0.92,0.0225,0.425,0.3225,0.7,0,0,0.4,0.915,0.1375,0.08,0.1125,0.4125,0.3875,0,0.8075,0.36,0.2,0.08,0.9125,0,0.825,0,0.835,0.2075,0,0.02,0.51,0.7675,0.8425,0.1475,0.44,0,0.625,0.0525,0.36,0.1225,0.0775,0.16,0.48,0.3575,0.6875,0.46,0.235,0.0925,0.84,0.39,0.73,0.285,0.3975,0,0.8975,0.6925,0.415,0.135,0.065,0.2225,0,0.115,0,0.79,0.5175,0.235,0.0975,0.6575,0.2725,0.46,0,0.6425,0.155,0.3175,0.4225,0.1425,0.12,0.57,0,0.62,0.1475,0.0125,0.1625,0.445,0.0475,0.2025,0.32,0.315,0.315,0.92,0.425,0,0.4475,0.5075,0.015,0.315,0.8225,0,0.0175,0.27,0.4475,0.295,0.1325,0.1175,0.3975,0.3425,0.6825,0.795,0.1,0.2225,0.15,0.4075,0.6825,0.3,0.52,0.0625,0.21,0.0075,0.1525,0.7725,0.88,0.6375,0.335,0.3575,0.5575,0.885,0,0.8275,0.08,0.79,0.6875,0.1775,0.4325,0.34,0.6575,0.495,0.2375,0.5,0.9125,0.0875,0.485,0.0325,0.0975,0,0.08,0.5525,0.07,0.6425,0.4225,0.61,0.565,0.5925,0.195,0,0.105,0.345,0.65,0.165,0.195,0.7575,0.065,0,0.08,0.305,0.2975,0.0075,0.85,0.345,0.2475,0.5,0.5275,0.6625,0.0475,0.1375,0.77,0.1325,0.7675,0.6375,0.56,0.6525,0,0.2775,0.0575,0.7225,0.43,0.055,0.2825,0.1275,0.1125,0.1725,0.4925,0.1825,0.795,0.0875,0,0.08,0.2725,0.7775,0.3275,0.0375,0.03,0.3475,0.335,0.0125,0.7325,0.425,0.215,0.38,0.3925,0.595,0.8775,0.2975,0,0,0.665,0.7775,0.3425,0.3525,0.1,0.0275,0.0475,0.775,0.115,0.29,0.0675,0.4775,0.09,0,0.775,0.2975,0.3125,0.5625,0.49,0.3675,0.18,0.1875,0.885,0.895,0.2975,0.0975,0,0.0825,0.4975,0,0.57,0.135,0,0.5225,0.16,0.345,0.4675,0.975,0.355,0.245,0,0.3075,0.5925,0.76,0.6825,0.005,0.41,0.1475,0.7675,0.92,0.3425,0.3375,0.2075,0.0575,0.35,0.08,0.38,0,0.0625,0.295,0.59,0.675,0.8125,0,0.6175,0.31,0.575,0.025,0.0275,0.2275,0.48,0.905,0.7775,0.65,0.2175,0.6475,0.7875,0.3925,0.8725,0.67,0,0.3675,0.0175,0.2825,0.09,0.24,0.04,0.0275,0.0025,0.3375,0.0075,0.0925,0.29,0.1475,0.715,0.4025,0.075,0.1,0.6075,0.2625,0.1075,0.2725,0.7125,0.6125,0.495,0.1625,0.39,0.225,0.1575,0.485,0.1525,0.8025,0.4625,0.1925,0,0.7925,0,0.8825,0,0,0.2875,0.235,0.2175,0.9525,0.895,0.665,0.385,0.1925,0.48,0.175,0.15,0.6425,0.0225,0.4025,0.5775,0.0575,0.1325,0.27,0.6175,0.515,0.7325,0.6325,0.6675,0.37,0.975,0.755,0.1075,0.2,0.45,0.4975,0.465,0.585,0.92,0.09,0.8175,0.865,0.0225,0.1675,0.565,0.425,0.525,0.08,0,0,0.0725,0.09,0.6725,0.33,0.21,0.3375,0.1,0.93,0.4,0.5625,0.4975,0.245,0.5125,0.11,0.4975,0.3975,0.4775,0.2975,0,0.125,0.2125,0.8275,0,0.11,0.3825,0.025,0.425,0.4675,0.21,0.19,0.4925,0.5,0,0.01,0,0.5075,0.665,0.32,0.5275,0.355,0.175,0.1525,0.4,0.8875,0.005,0.08,0.32,0.49,0,0.125,0,0.2525,0.15,0.0875,0.2225,0.905,0.31,0,0.31,0.6175,0.61,0.19,0.2125,0.6025,0.065,0.795,0.8475,0.7975,0.8475,0.7425,0.285,0.31,0.16,0,0.0425,0.0275,0.3575,0.1325,0.8425,0,0.34,0.2575,0.2725,0.0825,0.655,0.475,0.77,0.015,0.775,0.5275,0.8925,0.785,0,0.4875,0.0325,0.39,0.305,0.7025,0.7325,0.3625,0.31,0.005,0.06,0.4875,0.435,0.7875,0.2,0.6775,0.5125,0,0.915,0.205,0.5375,0.2775,0.3,0.105,0.8225,0.7775,0,0.1925,0.54,0.445,0.775,0.735,0.48,0.2325,0.885,0.525,0.445,0.2425,0.525,0.6925,0.825,0.3125,0.3475,0.08,0,0.4725,0.885,0.5625,0.6575,0.0525,0.6475,0.405,0.535,0.4275,0.2175,0.725,0.305,0.63,0.3875,0.255,0.05,0.5625,0.41,0,0.3575,0.28,0.31,0.9275,1,0.105,0.78,0.1975,0,0.9275,0.625,0,0.0775,0.4925,0.5375,0.11,0.5625,0.5625,0.035,0.135,0.285,0.175,0.285,0.29,0.855,0.73,0.48,0.4925,0.32,0.355,0,0,0.335,0.465,0.285,0.3275,0.895,0.35,0.35,0.7425,0.4375,0.5125,0.19,0.59,0.2525,0.51,0.805,0.0075,0.4375,0.7225,0.135,0.155,1,0.645,0,0.47,0.3325,0.3475,0.445,0.395,0.4775,0.095,0.6625,0.1125,0.09,0.315,0.6475,0,0.4975,0.3775,0.6725,0.545,0.5,0.7025,0.37,0,0,0.57,0.2075,0.175,0.6075,0.1875,0.2075,0.3125,0.13,0.5725,0.1525,0.17,0,0.495,0.1225,0,0.1275,0.3225,0.08,0.58,0.3475,0.215,0.8825,0,0,0.51,0.32,0.735,0,0.4925,0.82,0.0775,0,0,0.24,0.48,0.5725,0.21,0.295,0.0675,0.7075,0.54,0.1825,0.15,0.51,0.38,0.1275,0.1775,0.2475,0.3875,0,0.1825,0.535,0.27,0.015,0.7325,0.135,0.135,0.7,0.1425,0.3075,0.1975,0,0.705,0.24,0.6575,0.75,0.015,0,0.6025,0,0.095,0.8725,0.1375,0.575,0.795,0.08,0.64,0.5725,0.6725,0.4975,0.215,0.7175,0.91,0.505,0,0,0.4625,0.415,0.3275,0.815,0.585,0.7925,0.5675,0.815,0.79,0,0.6125,0.2375,0.1975,0.2975,0.26,0.6,0,0.315,0,0.0925,0,0.08,0.3525,0.21,0.78,0.11,0.445,0.3925,0.6075,0,0.3775,0.57,0.2425,0.9725,0.0125,0.1825,0.665,0.085,0.2975,0.165,0,0.4725,0.0875,0.5325,0.1225,0,0.89,0.58,0.9,0.425,0.7975,0.2725,0,0.315,0.99,0.135,0.5075,0.8175,0,0,0.055,0.025,0.7675,0.7775,0.795,0,0.395,0.15,0.3,0.33,0,0.24,0.545,0.645,0.06,0.32,0,0.8625,0.725,0.095,0.1575,0.48,0.075,0.1375,0.2025,0.6475,0.76,0.12,0.7375,0.26,0.24,0.265,0.055,0.2575,0.45,0.2125,0.1625,0.7025,0.0925,0.63,0.0125,0.8425,0.55,0.4375,0.585,0.1075,0.4575,0.6125,0.2375,0.15,0.2025,0.08,0.37,0.1,0.2975,0.355,0.0475,0.2825,0.1275,0.22,0.6875,0.815,0.2525,0,0.03,0.3575,0.385,0.22,0,0.1575,0,0.17,0.3375,0,0.375,0,0.1125,0.08,0,0.475,0.5375,0.3975,0.0375,0.1375,0.41,0,0,0.325,0.3325,0.6175,0,0.1525
0,0.5075,0.08,0.1975,0,0.7975,0.2,0.61,0.1925,0.1525,0.4075,0.3725,0.005,0.7675,0.68,0.61,0,0.4,0.715,0.82,0.595,0.43,0.045,0,0.4,0,0.2475,0.3625,0,0.0525,0,0.1275,0,0.8875,0,0.55,0.855,0.235,0.4725,0.2475,0.0425,0.9025,0.515,0.48,0.2575,0.2475,0.67,0.095,0.145,0.6675,0.5775,0.2675,0.245,0.5775,0.08,0.1625,0.25,0.595,0.95,0.295,0.08,0.36,0.945,0,0.3925,0.33,0.4025,0.265,0.89,0.1225,0.26,0.1375,0.08,0.67,0.4775,0.135,0.2225,0.4475,0.08,0.11,0.1075,0.89,0.995,0.08,0.0675,0.38,0.87,0.205,0,0.59,0.6625,0.52,0.295,0.08,0.07,0.0625,0,0.175,0.805,0.7775,0.245,0.1525,0.5025,0.43,0.4275,0.7,0.925,0.7875,0.645,0.1425,0.0825,0,0.0025,0.22,0.795,0.1025,0.045,0.4,0.08,0.4075,0,0.94,0.5825,0.0275,0.6475,0,0.2075,0.605,0.555,0.235,0.275,0,0.145,0.57,0.8475,0.505,0.2375,0.5775,0.31,0.0425,0.175,0.6525,0.12,0.3625,0.59,0,0.4075,0.0875,0,0.77,0,0.2775,0.0075,0.08,0.91,0,0.4725,0.43,0.59,0.0525,0,0.395,0.895,0.02,0.0275,0.1775,0.4575,0.1875,0,0.73,0.4725,0.0125,0.1625,0.685,0,0.8825,0.025,0.7875,0.4325,0,0.0375,0.395,0.8425,0.775,0.315,0.16,0,0.27,0.1475,0.3275,0.1325,0.17,0.22,0.4825,0.3175,0.8775,0.5075,0.0825,0.015,0.92,0.36,0.7,0.185,0.59,0.045,0.7375,0.715,0.425,0.0175,0.005,0.16,0.11,0.485,0,0.76,0.5075,0.1625,0.235,0.6125,0.4925,0.5375,0.0525,0.995,0.01,0.13,0.3875,0.205,0.5125,0.6425,0.055,0.7025,0.245,0,0.2725,0.4325,0.38,0.295,0.405,0.2875,0.4,0.9875,0.2225,0.16,0.3175,0.5525,0.105,0.2375,0.8525,0,0,0.2325,0.365,0.1575,0.235,0.065,0.4225,0.6075,0.56,0.7975,0,0.105,0.5075,0.61,0.39,0.2175,0.42,0,0.2225,0.085,0.225,0.815,0.88,0.535,0.5175,0.1425,0.245,0.92,0.16,0.91,0.205,0.87,0.725,0.1225,0.335,0.2425,0.4975,0.78,0.305,0.72,0.8,0.1575,0.3825,0.17,0.0575,0,0,0.755,0.2975,0.735,0.6425,0.44,0.585,0.445,0.1975,0,0.0475,0.07,0.65,0.135,0.465,0.2275,0.065,0,0.2025,0.6675,0.385,0,0.8925,0.38,0.675,0.685,0.7375,0.64,0,0.1575,0.805,0.08,0.8075,0.46,0.4825,0.695,0,0.2175,0.1025,0.8025,0.25,0.185,0.305,0.2525,0.145,0.005,0.6825,0.315,0.645,0.095,0.1175,0,0.1275,0.9675,0.5925,0.4,0.08,0.1875,0.0975,0.05,0.5375,0.6375,0.255,0.455,0.195,0.5875,0.67,0.25,0,0,0.7075,0.6175,0.3975,0.4025,0.145,0.1375,0.2825,0.6075,0.1875,0.4275,0.02,0.5275,0.1925,0,1,0.41,0.365,0.7425,0.54,0.3825,0.305,0.3775,0.745,0.815,0.2075,0.0875,0,0.1325,0.51,0,0.41,0.2275,0,0.54,0.0725,0.165,0.155,0.6875,0.4275,0.175,0,0.185,0.725,0.68,0.9125,0.0725,0.2025,0.2575,0.455,0.955,0.37,0.0975,0.1725,0.17,0.59,0.0175,0.345,0,0.22,0.275,0.47,0.72,0.535,0,0.6175,0.385,0.795,0.1325,0.03,0.37,0.3,0.8775,0.735,0.63,0.085,0.44,0.7725,0.1275,0.57,0.645,0,0.59,0.21,0.5325,0.365,0.2775,0.08,0.025,0.0375,0.2425,0.09,0.08,0.195,0.19,0.29,0.2425,0.0025,0.2525,0.275,0.2125,0.08,0.1975,0.7675,0.5175,0.755,0.14,0.675,0.325,0.0325,0.115,0.225,0.5275,0.1,0.24,0,0.915,0,0.89,0,0,0.5875,0.3375,0.4375,0.875,0.94,0.6325,0.5175,0.105,0.4,0.385,0.31,0.59,0,0.33,0.4675,0.205,0.24,0.32,0.655,0.6075,0.655,0.365,0.7425,0.2225,0.9325,0.8175,0.18,0.1675,0.3625,0.7,0.5575,0.5475,0.81,0.0575,0.9525,0.705,0,0.3025,0.9375,0.32,0.5775,0,0,0.155,0.245,0.0275,0.6975,0.31,0.4575,0.3425,0.195,0.82,0.6275,0.4625,0.5325,0.36,0.5475,0.0125,0.5875,0.31,0.6225,0.425,0,0.0175,0.2125,0.485,0,0.0075,0.195,0.1175,0.04,0.585,0.17,0.7125,0.47,0.3875,0,0.0775,0,0.5125,0.6,0.3225,0.7175,0.5225,0.0075,0.285,0.525,0.95,0.315,0.095,0.1925,0.2575,0,0.1775,0.1075,0.4125,0.13,0.195,0.02,0.7975,0.19,0,0.2675,0.5325,0.6775,0.12,0.1925,0.5325,0.1525,0.57,0.7875,0.81,0.8775,0.8475,0.345,0.5825,0.2125,0,0.075,0.085,0.2875,0.12,0.92,0,0.425,0.2925,0.0325,0.1325,0.6425,0.61,0.94,0.085,0.89,0.735,0.92,0.3875,0.0375,0.445,0.015,0.0525,0.1425,0.7275,0.4775,0.415,0.3675,0.135,0,0.5975,0.2525,0.745,0.055,0.32,0.705,0,0.815,0.2175,0.7075,0.2525,0.2,0.0875,0.79,0.6825,0,0.1675,0.41,0.505,0.865,0.785,0.305,0.365,0.7275,0.4975,0.4725,0.2475,0.4125,0.735,0.575,0.1375,0.305,0.295,0.1575,0.4675,0.71,0.8425,0.5525,0.31,0.4925,0.6025,0.6675,0.8925,0.3675,0.5625,0.3325,0.5325,0.135,0.3725,0.115,0.3625,0.3325,0,0.5575,0.315,0.3575,0.84,0.9675,0.0275,0.825,0.1875,0,0.7575,0.55,0,0.11,0.6675,0.2825,0.3175,0.4975,0.48,0.08,0.265,0.3525,0.01,0.335,0.52,0.85,0.95,0.3125,0.5525,0.1525,0.2375,0.09,0,0.385,0.5475,0.5625,0.42,0.8325,0.66,0.38,0.7725,0.49,0.3275,0.4375,0.625,0.15,0.81,0.8225,0.02,0.4225,0.58,0.1175,0.435,0.8325,0.875,0,0.3225,0.5875,0.17,0.4525,0.1875,0.595,0.08,0.545,0.25,0.3275,0.3475,0.7275,0,0.3675,0.3425,0.675,0.6075,0.47,0.72,0.3775,0.0975,0,0.735,0.2675,0.24,0.545,0.505,0.235,0.16,0.0025,0.5125,0.135,0.3975,0,0.275,0,0.04,0.02,0.34,0.1075,0.755,0.3375,0.53,0.79,0.065,0,0.3075,0.57,0.58,0,0.3775,0.6175,0.12,0,0,0.135,0.4325,0.5225,0.29,0.27,0.1475,0.7675,0.2325,0.2775,0.055,0.545,0.2,0.12,0.27,0.16,0.475,0,0.08,0.28,0.0475,0.1025,0.5725,0.3525,0.29,0.29,0.275,0.0475,0.1825,0,0.7775,0.495,0.775,0.895,0.1475,0.0375,0.7875,0,0.2675,0.695,0.3,0.3725,0.885,0.2025,0.6575,0.27,0.3075,0.5125,0.09,0.775,0.6375,0.2325,0,0,0.5225,0.3675,0.22,0.8475,0.29,0.5,0.5125,0.7175,0.865,0,0.375,0.36,0.2,0.3725,0.335,0.485,0,0.53,0.1675,0.0375,0.0125,0.0425,0.2175,0.1425,0.27,0.17,0.42,0.395,0.5425,0,0.315,0.6875,0.12,0.77,0.025,0.225,0.2675,0.225,0.295,0.2225,0,0.275,0.3125,0.665,0.48,0,0.8,0.7225,0.9275,0.045,0.8,0.3675,0,0.4,0.935,0.015,0.56,0.9175,0,0,0.0025,0.0175,0.885,0.945,0.7525,0.2025,0.395,0.13,0.38,0.355,0,0.29,0.55,0.795,0.175,0.4,0,0.5775,0.7175,0.1925,0.3625,0.585,0.0275,0.11,0.5175,0.705,0.5925,0.135,1,0.21,0.2175,0.2375,0.0475,0.1125,0.445,0.27,0.035,0.52,0.28,0.6375,0.0325,0.7175,0.355,0.375,0.4375,0.2,0.3225,0.805,0.0675,0.1425,0.03,0.245,0.455,0.3375,0.3825,0.3025,0.02,0.14,0,0.1525,0.8025,0.97,0.46,0,0.02,0.38,0.36,0.1225,0,0.1125,0.0675,0.14,0.505,0.01,0.3525,0,0.1175,0.015,0,0.2775,0.7575,0.41,0.08,0.1175,0.195,0,0,0.6425,0.4225,0.45,0,0.0575
1,1,1,1,1,1,1,1,1,1,1,1,1,1,1,1,1,1,1,1,1,1,1,1,1,1,1,1,1,1,1,1,1,1,1,1,1,1,1,1,1,1,1,1,1,1,1,1,1,1,1,1,1,1,1,1,1,1,1,1,1,1,1,1,1,1,1,1,1,1,1,1,1,1,1,1,1,1,1,1,1,1,1,1,1,1,1,1,1,1,1,1,1,1,1,1,1,1,1,1,1,1,1,1,1,1,1,1,1,1,1,1,1,1,1,1,1,1,1,1,1,1,1,1,1,1,1,1,1,1,1,1,1,1,1,1,1,1,1,1,1,1,1,1,1,1,1,1,1,1,1,1,1,1,1,1,1,1,1,1,1,1,1,1,1,1,1,1,1,1,1,1,1,1,1,1,1,1,1,1,1,1,1,1,1,1,1,1,1,1,1,1,1,1,1,1,1,1,1,1,1,1,1,1,1,1,1,1,1,1,1,1,1,1,1,1,1,1,1,1,1,1,1,1,1,1,1,1,1,1,1,1,1,1,1,1,1,1,1,1,1,1,1,1,1,1,1,1,1,1,1,1,1,1,1,1,1,1,1,1,1,1,1,1,1,1,1,1,1,1,1,1,1,1,1,1,1,1,1,1,1,1,1,1,1,1,1,1,1,1,1,1,1,1,1,1,1,1,1,1,1,1,1,1,1,1,1,1,1,1,1,1,1,1,1,1,1,1,1,1,1,1,1,1,1,1,1,1,1,1,1,1,1,1,1,1,1,1,1,1,1,1,1,1,1,1,1,1,1,1,1,1,1,1,1,1,1,1,1,1,1,1,1,1,1,1,1,1,1,1,1,1,1,1,1,1,1,1,1,1,1,1,1,1,1,1,1,1,1,1,1,1,1,1,1,1,1,1,1,1,1,1,1,1,1,1,1,1,1,1,1,1,1,1,1,1,1,1,1,1,1,1,1,1,1,1,1,1,1,1,1,1,1,1,1,1,1,1,1,1,1,1,1,1,1,1,1,1,1,1,1,1,1,1,1,1,1,1,1,1,1,1,1,1,1,1,1,1,1,1,1,1,1,1,1,1,1,1,1,1,1,1,1,1,1,1,1,1,1,1,1,1,1,1,1,1,1,1,1,1,1,1,1,1,1,1,1,1,1,1,1,1,1,1,1,1,1,1,1,1,1,1,1,1,1,1,1,1,1,1,1,1,1,1,1,1,1,1,1,1,1,1,1,1,1,1,1,1,1,1,1,1,1,1,1,1,1,1,1,1,1,1,1,1,1,1,1,1,1,1,1,1,1,1,1,1,1,1,1,1,1,1,1,1,1,1,1,1,1,1,1,1,1,1,1,1,1,1,1,1,1,1,1,1,1,1,1,1,1,1,1,1,1,1,1,1,1,1,1,1,1,1,1,1,1,1,1,1,1,1,1,1,1,1,1,1,1,1,1,1,1,1,1,1,1,1,1,1,1,1,1,1,1,1,1,1,1,1,1,1,1,1,1,1,1,1,1,1,1,1,1,1,1,1,1,1,1,1,1,1,1,1,1,1,1,1,1,1,1,1,1,1,1,1,1,1,1,1,1,1,1,1,1,1,1,1,1,1,1,1,1,1,1,1,1,1,1,1,1,1,1,1,1,1,1,1,1,1,1,1,1,1,1,1,1,1,1,1,1,1,1,1,1,1,1,1,1,1,1,1,1,1,1,1,1,1,1,1,1,1,1,1,1,1,1,1,1,1,1,1,1,1,1,1,1,1,1,1,1,1,1,1,1,1,1,1,1,1,1,1,1,1,1,1,1,1,1,1,1,1,1,1,1,1,1,1,1,1,1,1,1,1,1,1,1,1,1,1,1,1,1,1,1,1,1,1,1,1,1,1,1,1,1,1,1,1,1,1,1,1,1,1,1,1,1,1,1,1,1,1,1,1,1,1,1,1,1,1,1,1,1,1,1,1,1,1,1,1,1,1,1,1,1,1,1,1,1,1,1,1,1,1,1,1,1,1,1,1,1,1,1,1,1,1,1,1,1,1,1,1,1,1,1,1,1,1,1,1,1,1,1,1,1,1,1,1,1,1,1,1,1,1,1,1,1,1,1,1,1,1,1,1,1,1,1,1,1,1,1,1,1,1,1,1,1,1,1,1,1,1,1,1,1,1,1,1,1,1,1,1,1,1,1,1,1,1,1,1,1,1,1,1,1,1,1,1,1,1,1,1,1,1,1,1,1,1,1,1,1,1,1,1,1,1,1,1,1,1,1,1
1,1,1,1,1,1,1,1,1,1,1,1,1,1,1,1,1,1,1,1,1,1,1,1,1,1,1,1,1,1,1,1,1,1,1,1,1,1,1,1,1,1,1,1,1,1,1,1,1,1,1,1,1,1,1,1,1,1,1,1,1,1,1,1,1,1,1,1,1,1,1,1,1,1,1,1,1,1,1,1,1,1,1,1,1,1,1,1,1,1,1,1,1,1,1,1,1,1,1,1,1,1,1,1,1,1,1,1,1,1,1,1,1,1,1,1,1,1,1,1,1,1,1,1,1,1,1,1,1,1,1,1,1,1,1,1,1,1,1,1,1,1,1,1,1,1,1,1,1,1,1,1,1,1,1,1,1,1,1,1,1,1,1,1,1,1,1,1,1,1,1,1,1,1,1,1,1,1,1,1,1,1,1,1,1,1,1,1,1,1,1,1,1,1,1,1,1,1,1,1,1,1,1,1,1,1,1,1,1,1,1,1,1,1,1,1,1,1,1,1,1,1,1,1,1,1,1,1,1,1,1,1,1,1,1,1,1,1,1,1,1,1,1,1,1,1,1,1,1,1,1,1,1,1,1,1,1,1,1,1,1,1,1,1,1,1,1,1,1,1,1,1,1,1,1,1,1,1,1,1,1,1,1,1,1,1,1,1,1,1,1,1,1,1,1,1,1,1,1,1,1,1,1,1,1,1,1,1,1,1,1,1,1,1,1,1,1,1,1,1,1,1,1,1,1,1,1,1,1,1,1,1,1,1,1,1,1,1,1,1,1,1,1,1,1,1,1,1,1,1,1,1,1,1,1,1,1,1,1,1,1,1,1,1,1,1,1,1,1,1,1,1,1,1,1,1,1,1,1,1,1,1,1,1,1,1,1,1,1,1,1,1,1,1,1,1,1,1,1,1,1,1,1,1,1,1,1,1,1,1,1,1,1,1,1,1,1,1,1,1,1,1,1,1,1,1,1,1,1,1,1,1,1,1,1,1,1,1,1,1,1,1,1,1,1,1,1,1,1,1,1,1,1,1,1,1,1,1,1,1,1,1,1,1,1,1,1,1,1,1,1,1,1,1,1,1,1,1,1,1,1,1,1,1,1,1,1,1,1,1,1,1,1,1,1,1,1,1,1,1,1,1,1,1,1,1,1,1,1,1,1,1,1,1,1,1,1,1,1,1,1,1,1,1,1,1,1,1,1,1,1,1,1,1,1,1,1,1,1,1,1,1,1,1,1,1,1,1,1,1,1,1,1,1,1,1,1,1,1,1,1,1,1,1,1,1,1,1,1,1,1,1,1,1,1,1,1,1,1,1,1,1,1,1,1,1,1,1,1,1,1,1,1,1,1,1,1,1,1,1,1,1,1,1,1,1,1,1,1,1,1,1,1,1,1,1,1,1,1,1,1,1,1,1,1,1,1,1,1,1,1,1,1,1,1,1,1,1,1,1,1,1,1,1,1,1,1,1,1,1,1,1,1,1,1,1,1,1,1,1,1,1,1,1,1,1,1,1,1,1,1,1,1,1,1,1,1,1,1,1,1,1,1,1,1,1,1,1,1,1,1,1,1,1,1,1,1,1,1,1,1,1,1,1,1,1,1,1,1,1,1,1,1,1,1,1,1,1,1,1,1,1,1,1,1,1,1,1,1,1,1,1,1,1,1,1,1,1,1,1,1,1,1,1,1,1,1,1,1,1,1,1,1,1,1,1,1,1,1,1,1,1,1,1,1,1,1,1,1,1,1,1,1,1,1,1,1,1,1,1,1,1,1,1,1,1,1,1,1,1,1,1,1,1,1,1,1,1,1,1,1,1,1,1,1,1,1,1,1,1,1,1,1,1,1,1,1,1,1,1,1,1,1,1,1,1,1,1,1,1,1,1,1,1,1,1,1,1,1,1,1,1,1,1,1,1,1,1,1,1,1,1,1,1,1,1,1,1,1,1,1,1,1,1,1,1,1,1,1,1,1,1,1,1,1,1,1,1,1,1,1,1,1,1,1,1,1,1,1,1,1,1,1,1,1,1,1,1,1,1,1,1,1,1,1,1,1,1,1,1,1,1,1,1,1,1,1,1,1,1,1,1,1,1,1,1,1,1,1,1,1,1,1,1,1,1,1,1,1,1,1,1,1,1,1,1,1,1,1,1,1,1,1,1,1,1,1,1,1,1,1,1,1,1,1,1,1,1,1,1,1,1,1,1,1,1,1,1,1,1,1,1,1,1,1,1,1,1,1,1,1,1,1,1,1,1,1,1,1,1
1,1,1,1,1,1,1,1,1,1,1,1,1,1,1,1,1,1,1,1,1,1,1,1,1,1,1,1,1,1,1,1,1,1,1,1,1,1,1,1,1,1,1,1,1,1,1,1,1,1,1,1,1,1,1,1,1,1,1,1,1,1,1,1,1,1,1,1,1,1,1,1,1,1,1,1,1,1,1,1,1,1,1,1,1,1,1,1,1,1,1,1,1,1,1,1,1,1,1,1,1,1,1,1,1,1,1,1,1,1,1,1,1,1,1,1,1,1,1,1,1,1,1,1,1,1,1,1,1,1,1,1,1,1,1,1,1,1,1,1,1,1,1,1,1,1,1,1,1,1,1,1,1,1,1,1,1,1,1,1,1,1,1,1,1,1,1,1,1,1,1,1,1,1,1,1,1,1,1,1,1,1,1,1,1,1,1,1,1,1,1,1,1,1,1,1,1,1,1,1,1,1,1,1,1,1,1,1,1,1,1,1,1,1,1,1,1,1,1,1,1,1,1,1,1,1,1,1,1,1,1,1,1,1,1,1,1,1,1,1,1,1,1,1,1,1,1,1,1,1,1,1,1,1,1,1,1,1,1,1,1,1,1,1,1,1,1,1,1,1,1,1,1,1,1,1,1,1,1,1,1,1,1,1,1,1,1,1,1,1,1,1,1,1,1,1,1,1,1,1,1,1,1,1,1,1,1,1,1,1,1,1,1,1,1,1,1,1,1,1,1,1,1,1,1,1,1,1,1,1,1,1,1,1,1,1,1,1,1,1,1,1,1,1,1,1,1,1,1,1,1,1,1,1,1,1,1,1,1,1,1,1,1,1,1,1,1,1,1,1,1,1,1,1,1,1,1,1,1,1,1,1,1,1,1,1,1,1,1,1,1,1,1,1,1,1,1,1,1,1,1,1,1,1,1,1,1,1,1,1,1,1,1,1,1,1,1,1,1,1,1,1,1,1,1,1,1,1,1,1,1,1,1,1,1,1,1,1,1,1,1,1,1,1,1,1,1,1,1,1,1,1,1,1,1,1,1,1,1,1,1,1,1,1,1,1,1,1,1,1,1,1,1,1,1,1,1,1,1,1,1,1,1,1,1,1,1,1,1,1,1,1,1,1,1,1,1,1,1,1,1,1,1,1,1,1,1,1,1,1,1,1,1,1,1,1,1,1,1,1,1,1,1,1,1,1,1,1,1,1,1,1,1,1,1,1,1,1,1,1,1,1,1,1,1,1,1,1,1,1,1,1,1,1,1,1,1,1,1,1,1,1,1,1,1,1,1,1,1,1,1,1,1,1,1,1,1,1,1,1,1,1,1,1,1,1,1,1,1,1,1,1,1,1,1,1,1,1,1,1,1,1,1,1,1,1,1,1,1,1,1,1,1,1,1,1,1,1,1,1,1,1,1,1,1,1,1,1,1,1,1,1,1,1,1,1,1,1,1,1,1,1,1,1,1,1,1,1,1,1,1,1,1,1,1,1,1,1,1,1,1,1,1,1,1,1,1,1,1,1,1,1,1,1,1,1,1,1,1,1,1,1,1,1,1,1,1,1,1,1,1,1,1,1,1,1,1,1,1,1,1,1,1,1,1,1,1,1,1,1,1,1,1,1,1,1,1,1,1,1,1,1,1,1,1,1,1,1,1,1,1,1,1,1,1,1,1,1,1,1,1,1,1,1,1,1,1,1,1,1,1,1,1,1,1,1,1,1,1,1,1,1,1,1,1,1,1,1,1,1,1,1,1,1,1,1,1,1,1,1,1,1,1,1,1,1,1,1,1,1,1,1,1,1,1,1,1,1,1,1,1,1,1,1,1,1,1,1,1,1,1,1,1,1,1,1,1,1,1,1,1,1,1,1,1,1,1,1,1,1,1,1,1,1,1,1,1,1,1,1,1,1,1,1,1,1,1,1,1,1,1,1,1,1,1,1,1,1,1,1,1,1,1,1,1,1,1,1,1,1,1,1,1,1,1,1,1,1,1,1,1,1,1,1,1,1,1,1,1,1,1,1,1,1,1,1,1,1,1,1,1,1,1,1,1,1,1,1,1,1,1,1,1,1,1,1,1,1,1,1,1,1,1,1,1,1,1,1,1,1,1,1,1,1,1,1,1,1,1,1,1,1,1,1,1,1,1,1,1,1,1,1,1,1,1,1,1,1,1,1,1,1,1,1,1,1,1,1,1,1,1,1,1,1,1,1,1,1,1,1,1,1,1,1,1,1,1,1,1,1,1,1,1,1,1,1,1,1,1,1
1,1,1,1,1,1,1,1,1,1,1,1,1,1,1,1,1,1,1,1,1,1,1,1,1,1,1,1,1,1,1,1,1,1,1,1,1,1,1,1,1,1,1,1,1,1,1,1,1,1,1,1,1,1,1,1,1,1,1,1,1,1,1,1,1,1,1,1,1,1,1,1,1,1,1,1,1,1,1,1,1,1,1,1,1,1,1,1,1,1,1,1,1,1,1,1,1,1,1,1,1,1,1,1,1,1,1,1,1,1,1,1,1,1,1,1,1,1,1,1,1,1,1,1,1,1,1,1,1,1,1,1,1,1,1,1,1,1,1,1,1,1,1,1,1,1,1,1,1,1,1,1,1,1,1,1,1,1,1,1,1,1,1,1,1,1,1,1,1,1,1,1,1,1,1,1,1,1,1,1,1,1,1,1,1,1,1,1,1,1,1,1,1,1,1,1,1,1,1,1,1,1,1,1,1,1,1,1,1,1,1,1,1,1,1,1,1,1,1,1,1,1,1,1,1,1,1,1,1,1,1,1,1,1,1,1,1,1,1,1,1,1,1,1,1,1,1,1,1,1,1,1,1,1,1,1,1,1,1,1,1,1,1,1,1,1,1,1,1,1,1,1,1,1,1,1,1,1,1,1,1,1,1,1,1,1,1,1,1,1,1,1,1,1,1,1,1,1,1,1,1,1,1,1,1,1,1,1,1,1,1,1,1,1,1,1,1,1,1,1,1,1,1,1,1,1,1,1,1,1,1,1,1,1,1,1,1,1,1,1,1,1,1,1,1,1,1,1,1,1,1,1,1,1,1,1,1,1,1,1,1,1,1,1,1,1,1,1,1,1,1,1,1,1,1,1,1,1,1,1,1,1,1,1,1,1,1,1,1,1,1,1,1,1,1,1,1,1,1,1,1,1,1,1,1,1,1,1,1,1,1,1,1,1,1,1,1,1,1,1,1,1,1,1,1,1,1,1,1,1,1,1,1,1,1,1,1,1,1,1,1,1,1,1,1,1,1,1,1,1,1,1,1,1,1,1,1,1,1,1,1,1,1,1,1,1,1,1,1,1,1,1,1,1,1,1,1,1,1,1,1,1,1,1,1,1,1,1,1,1,1,1,1,1,1,1,1,1,1,1,1,1,1,1,1,1,1,1,1,1,1,1,1,1,1,1,1,1,1,1,1,1,1,1,1,1,1,1,1,1,1,1,1,1,1,1,1,1,1,1,1,1,1,1,1,1,1,1,1,1,1,1,1,1,1,1,1,1,1,1,1,1,1,1,1,1,1,1,1,1,1,1,1,1,1,1,1,1,1,1,1,1,1,1,1,1,1,1,1,1,1,1,1,1,1,1,1,1,1,1,1,1,1,1,1,1,1,1,1,1,1,1,1,1,1,1,1,1,1,1,1,1,1,1,1,1,1,1,1,1,1,1,1,1,1,1,1,1,1,1,1,1,1,1,1,1,1,1,1,1,1,1,1,1,1,1,1,1,1,1,1,1,1,1,1,1,1,1,1,1,1,1,1,1,1,1,1,1,1,1,1,1,1,1,1,1,1,1,1,1,1,1,1,1,1,1,1,1,1,1,1,1,1,1,1,1,1,1,1,1,1,1,1,1,1,1,1,1,1,1,1,1,1,1,1,1,1,1,1,1,1,1,1,1,1,1,1,1,1,1,1,1,1,1,1,1,1,1,1,1,1,1,1,1,1,1,1,1,1,1,1,1,1,1,1,1,1,1,1,1,1,1,1,1,1,1,1,1,1,1,1,1,1,1,1,1,1,1,1,1,1,1,1,1,1,1,1,1,1,1,1,1,1,1,1,1,1,1,1,1,1,1,1,1,1,1,1,1,1,1,1,1,1,1,1,1,1,1,1,1,1,1,1,1,1,1,1,1,1,1,1,1,1,1,1,1,1,1,1,1,1,1,1,1,1,1,1,1,1,1,1,1,1,1,1,1,1,1,1,1,1,1,1,1,1,1,1,1,1,1,1,1,1,1,1,1,1,1,1,1,1,1,1,1,1,1,1,1,1,1,1,1,1,1,1,1,1,1,1,1,1,1,1,1,1,1,1,1,1,1,1,1,1,1,1,1,1,1,1,1,1,1,1,1,1,1,1,1,1,1,1,1,1,1,1,1,1,1,1,1,1,1,1,1,1,1,1,1,1,1,1,1,1,1,1,1,1,1,1,1,1,1,1,1,1,1,1,1,1,1,1,1,1,1,1,1,1,1,1,1,1,1,1,1,1,1,1,1,1,1
1,1,1,1,1,1,1,1,1,1,1,1,1,1,1,1,1,1,1,1,1,1,1,1,1,1,1,1,1,1,1,1,1,1,1,1,1,1,1,1,1,1,1,1,1,1,1,1,1,1,1,1,1,1,1,1,1,1,1,1,1,1,1,1,1,1,1,1,1,1,1,1,1,1,1,1,1,1,1,1,1,1,1,1,1,1,1,1,1,1,1,1,1,1,1,1,1,1,1,1,1,1,1,1,1,1,1,1,1,1,1,1,1,1,1,1,1,1,1,1,1,1,1,1,1,1,1,1,1,1,1,1,1,1,1,1,1,1,1,1,1,1,1,1,1,1,1,1,1,1,1,1,1,1,1,1,1,1,1,1,1,1,1,1,1,1,1,1,1,1,1,1,1,1,1,1,1,1,1,1,1,1,1,1,1,1,1,1,1,1,1,1,1,1,1,1,1,1,1,1,1,1,1,1,1,1,1,1,1,1,1,1,1,1,1,1,1,1,1,1,1,1,1,1,1,1,1,1,1,1,1,1,1,1,1,1,1,1,1,1,1,1,1,1,1,1,1,1,1,1,1,1,1,1,1,1,1,1,1,1,1,1,1,1,1,1,1,1,1,1,1,1,1,1,1,1,1,1,1,1,1,1,1,1,1,1,1,1,1,1,1,1,1,1,1,1,1,1,1,1,1,1,1,1,1,1,1,1,1,1,1,1,1,1,1,1,1,1,1,1,1,1,1,1,1,1,1,1,1,1,1,1,1,1,1,1,1,1,1,1,1,1,1,1,1,1,1,1,1,1,1,1,1,1,1,1,1,1,1,1,1,1,1,1,1,1,1,1,1,1,1,1,1,1,1,1,1,1,1,1,1,1,1,1,1,1,1,1,1,1,1,1,1,1,1,1,1,1,1,1,1,1,1,1,1,1,1,1,1,1,1,1,1,1,1,1,1,1,1,1,1,1,1,1,1,1,1,1,1,1,1,1,1,1,1,1,1,1,1,1,1,1,1,1,1,1,1,1,1,1,1,1,1,1,1,1,1,1,1,1,1,1,1,1,1,1,1,1,1,1,1,1,1,1,1,1,1,1,1,1,1,1,1,1,1,1,1,1,1,1,1,1,1,1,1,1,1,1,1,1,1,1,1,1,1,1,1,1,1,1,1,1,1,1,1,1,1,1,1,1,1,1,1,1,1,1,1,1,1,1,1,1,1,1,1,1,1,1,1,1,1,1,1,1,1,1,1,1,1,1,1,1,1,1,1,1,1,1,1,1,1,1,1,1,1,1,1,1,1,1,1,1,1,1,1,1,1,1,1,1,1,1,1,1,1,1,1,1,1,1,1,1,1,1,1,1,1,1,1,1,1,1,1,1,1,1,1,1,1,1,1,1,1,1,1,1,1,1,1,1,1,1,1,1,1,1,1,1,1,1,1,1,1,1,1,1,1,1,1,1,1,1,1,1,1,1,1,1,1,1,1,1,1,1,1,1,1,1,1,1,1,1,1,1,1,1,1,1,1,1,1,1,1,1,1,1,1,1,1,1,1,1,1,1,1,1,1,1,1,1,1,1,1,1,1,1,1,1,1,1,1,1,1,1,1,1,1,1,1,1,1,1,1,1,1,1,1,1,1,1,1,1,1,1,1,1,1,1,1,1,1,1,1,1,1,1,1,1,1,1,1,1,1,1,1,1,1,1,1,1,1,1,1,1,1,1,1,1,1,1,1,1,1,1,1,1,1,1,1,1,1,1,1,1,1,1,1,1,1,1,1,1,1,1,1,1,1,1,1,1,1,1,1,1,1,1,1,1,1,1,1,1,1,1,1,1,1,1,1,1,1,1,1,1,1,1,1,1,1,1,1,1,1,1,1,1,1,1,1,1,1,1,1,1,1,1,1,1,1,1,1,1,1,1,1,1,1,1,1,1,1,1,1,1,1,1,1,1,1,1,1,1,1,1,1,1,1,1,1,1,1,1,1,1,1,1,1,1,1,1,1,1,1,1,1,1,1,1,1,1,1,1,1,1,1,1,1,1,1,1,1,1,1,1,1,1,1,1,1,1,1,1,1,1,1,1,1,1,1,1,1,1,1,1,1,1,1,1,1,1,1,1,1,1,1,1,1,1,1,1,1,1,1,1,1,1,1,1,1,1,1,1,1,1,1,1,1,1,1,1,1,1,1,1,1,1,1,1,1,1,1,1,1,1,1,1,1,1,1,1,1,1,1,1,1,1,1,1,1,1,1,1,1,1,1,1,1,1,1,1
